Name,Phone,Address,Opening Hours,Type,Rating,Has Deliveries,Has Table Reservation,Has Menu,Has Sending A Massage,Facebook Url,Instagram Url,Home Page Url,Positive Reviews Count,Negative Reviews Count,Expert Reviews Count,Number Of Visits In Last Month,Number Of Reviews,Number Of Top 3,Has Discounts And Benefits,Postal Code
Soso & Sans,03-9552541,"Moshe Levy 10, Rishon Lezion","Sunday
  12: 00-01: 00
Monday
  12: 00-01: 00
Tuesday
  12: 00-01: 00
Wednesday
  12: 00-01: 00
Thursday
  12: 00-02: 00
Friday
  12: 00-02: 00
Saturday
  12: 00-01: 00",Hamburger chain,7.8,True,False,True,True,https://www.facebook.com/%D7%A1%D7%95%D7%A1%D7%95-%D7%A8%D7%90%D7%A9%D7%95%D7%9F-susu-rishon-139039646774737,https://www.instagram.com/Susu.rishon/,http://susu.co.il,34,14,1.0,1311,1,14,False,7565825
Brothers Local Burger,03-6351372,"The Founders 1, Kiryat Ono","Sunday
  11: 30-22: 00
Monday
  11: 30-22: 00
Tuesday
  11: 30-22: 00
Wednesday
  11: 30-22: 00
Thursday
  11: 30-22: 00
Friday
  11: 30-16: 30
Saturday
  11: 30-22: 00",Hamburgeria,9.9,True,False,True,True,https://www.facebook.com/90941532920,https://www.instagram.com,http://www.brotherslocalburger.co.il,59,14,0.0,892,1076,26,False,5552101
Sun Ron,052-3662285,"Yehuda Halevi 44, Tel Aviv-Yafo","Sunday
  11: 30-17: 00
Monday
  11: 30-17: 00
Tuesday
  11: 30-17: 00
Wednesday
  11: 30-17: 00
Thursday
  11: 30-17: 00
Friday
 closed
Saturday
 closed",Fast food restaurant,6.8,True,False,True,True,https://www.facebook.com/374152466536510,https://www.instagram.com/Saone.rhone/,http://saonerhone.co.il,24,0,4.0,1672,4,6,False,6610201
OCD,03-5566774,"Tirza 17, Tel Aviv-Yafo","Sunday
 closed
Monday
  18: 45-23: 45
Tuesday
  18: 45-23: 45
Wednesday
  19: 00-23: 45
Thursday
  18: 45-23: 45
Friday
  11: 45-23: 45
Saturday
 closed",Restaurant,9.7,True,True,True,True,https://www.facebook.com/976138579101327,https://www.instagram.com,http://ocdtlv.com,6,6,1.0,3626,1,0,False,6811559
Motpak,054-9072666,"110 Derech Shlomo, Tel Aviv-Yafo","Sunday
  10: 00-20: 00
Monday
  10: 00-20: 00
Tuesday
  10: 00-20: 00
Wednesday
  10: 00-20: 00
Thursday
  10: 00-20: 00
Friday
  10: 00-18: 00
Saturday
 closed",Shawarma,7.3,False,False,False,True,https://www.facebook.com/413877535735087,https://www.instagram.com,http://mutfak-turkish-restaurant.business.site,46,2,3.0,4915,3,26,False,6603227
Under the tree,03-6359033,"Ben Yehuda 202, Tel Aviv-Yafo","Sunday
  00: 00-00: 00
Monday
  00: 00-00: 00
Tuesday
  00: 00-00: 00
Wednesday
  00: 00-00: 00
Thursday
  00: 00-00: 00
Friday
 00: 00-00: 00
Saturday
 00: 00-00: 00",coffee shop,8.2,False,False,True,False,https://www.facebook.com/underthetree.tlv,https://www.instagram.com/underthetreetlv/,https://www.google.com,146,5,0.0,4133,4721,59,False,6347220
Balingera,03-5252527,"MLAN 4, Tel Aviv-Yafo","Sunday
  12: 00-21: 30
Monday
  12: 00-21: 30
Tuesday
  12: 00-21: 30
Wednesday
  12: 00-21: 30
Thursday
  12: 00-21: 30
Friday
  11: 00-16: 45
Saturday
 closed",Ethiopian restaurant,9.3,False,False,True,True,https://www.facebook.com/Traditional.Ethiopian.Cuisine,https://www.instagram.com,https://www.google.com,39,1,0.0,1331,2171,13,True,6560648
Rosemary Pizza,03-5400241,"Lincoln 19, Tel Aviv-Yafo","Sunday
  11: 30-23: 00
Monday
  11: 30-23: 00
Tuesday
  11: 30-23: 00
Wednesday
  11: 30-23: 00
Thursday
  11: 30-03: 00
Friday
 closed
Saturday
  20: 30-00: 30",Pizzeria,8.6,True,False,True,True,https://www.facebook.com/284559094987863,https://www.instagram.com/rosemary_rst/,http://pizzarozmarin.co.il,25,1,0.0,1307,187,19,True,6713411
Florence,03-6050061,"Abarbanel 56, Tel Aviv-Yafo","Sunday
  11: 00-23: 00
Monday
  11: 00-23: 00
Tuesday
  11: 00-23: 00
Wednesday
  11: 00-23: 00
Thursday
  11:00-until last customer
Friday
 closed
Saturday
  21: 00-until the last customer",Restaurant bar,9.3,True,True,False,True,https://www.facebook.com/FlorentinaRestaurantBar,https://www.instagram.com/florentina_restaurant_bar/,https://www.google.com,67,5,0.0,3080,2365,31,False,6608244
benz brothers,03-6123452,"Rabbi Yitzchak Yedidya Frenkel 4, Tel Aviv-Yafo","Sunday
  12: 00-23: 30
Monday
  12: 00-23: 30
Tuesday
  12: 00-23: 30
Wednesday
  12: 00-23: 30
Thursday
  12: 00-24: 00
Friday
  12: 00-18: 00
Saturday
  12: 00-24: 00",Hamburgeria,8.4,False,False,False,True,https://www.facebook.com/benz-argentinian-diner-125281837658737,https://www.instagram.com,https://www.google.com,74,1,8.0,2528,8,39,False,6608406
Fresh Coffee Origin,03-9223111,"Dizengoff 203, Tel Aviv-Yafo","Sunday
  07: 30-18: 00
Monday
  07: 30-18: 00
Tuesday
  07: 30-18: 00
Wednesday
  07: 30-18: 00
Thursday
  07: 30-18: 00
Friday
  08: 00-16: 00
Saturday
  08: 00-16: 00",coffee shop,9.4,False,False,False,True,https://www.facebook.com/1890658914552211,https://www.instagram.com,http://origem.co.il,5,2,0.0,1434,1331,4,False,6311502
Anastasia,03-5290095,"Frishman 54, Tel Aviv-Yafo","Sunday
  08: 00-23: 30
Monday
  08: 00-23: 30
Tuesday
  08: 00-23: 30
Wednesday
  08: 00-23: 30
Thursday
  08: 00-23: 30
Friday
  08: 00-17: 00
Saturday
  09: 00-23: 30",coffee shop,9.3,True,True,True,False,https://www.facebook.com/629001720507782,https://www.instagram.com/Anastasiatlv/,http://www.anastasiatlv.co.il,35,4,0.0,2919,7558,14,False,6439518
At Micha's,03-6242975,"Ben Yehuda 191, Tel Aviv-Yafo","Sunday
  10: 00-16: 00
Monday
  10: 00-16: 00
Tuesday
  10: 00-16: 00
Wednesday
  10: 00-16: 00
Thursday
  10: 00-16: 00
Friday
  09: 00-15: 00
Saturday
 closed",Hummus,8.6,True,False,True,True,https://www.facebook.com/116061348556367,https://www.instagram.com,https://www.google.com,27,0,0.0,533,553,10,True,6347308
corridor,03-5233223,"Mendele sells books 6, Tel Aviv-Yafo","Sunday
  12: 00-24: 00
Monday
  12: 00-24: 00
Tuesday
  12: 00-24: 00
Wednesday
  12: 00-24: 00
Thursday
  12: 00-24: 00
Friday
  12: 00-24: 00
Saturday
  12: 00-24: 00",Hamburgeria,9.8,True,True,True,True,https://www.facebook.com/1742561719300419,https://www.instagram.com,http://www.prozdor.co.il,125,17,5.0,2991,5,70,False,6390707
Lila,03-5168244,"Merhavia 4, Tel Aviv-Yafo","Sunday
  13: 00-24: 00
Monday
  13: 00-24: 00
Tuesday
  13: 00-24: 00
Wednesday
  13: 00-24: 00
Thursday
  13: 00-24: 00
Friday
 closed
Saturday
  12: 00-24: 00",Pizzeria,8.1,False,False,False,True,https://www.facebook.com/939055809590549,https://www.instagram.com,https://www.google.com,37,2,2.0,1821,2,24,False,6610604
With bar,03-6956276,"52 Chen Blvd., Tel Aviv-Yafo","Sunday
  12: 00-24: 00
Monday
  12: 00-24: 00
Tuesday
  12: 00-24: 00
Wednesday
  12: 00-24: 00
Thursday
  12: 00-24: 00
Friday
  12: 00-24: 00
Saturday
  12: 00-24: 00",Meat restaurant chain,8.7,False,True,True,False,https://www.facebook.com/TheMeatBar,https://www.instagram.com,http://www.meatbar.co.il,44,7,4.0,3054,4,22,False,6416712
Onuma,03-6981155,"Carlebach 15, Tel Aviv-Yafo","Sunday
  18: 00-23: 00
Monday
  18: 00-23: 00
Tuesday
  18: 00-23: 00
Wednesday
  18: 00-23: 00
Thursday
  18: 00-23: 00
Friday
 closed
Saturday
 closed",Thai restaurant,9.3,False,True,True,True,https://www.facebook.com/OnaumaAuthenticThaiFood,https://www.instagram.com/onaumathaikitchen/,http://www.onauma.co.il,7,0,1.0,1180,1,6,False,6713217
The pizza,03-5281077,"Bograshov 51, Tel Aviv-Yafo","Sunday
  11: 30-00: 30
Monday
  11: 30-00: 30
Tuesday
  11: 30-00: 30
Wednesday
  11: 30-00: 30
Thursday
  11: 30-00: 30
Friday
  11: 00-17: 00
Saturday
  18: 00-00: 30",Pizzeria,7.3,False,False,True,False,https://www.facebook.com/hapizzatlv,https://www.instagram.com,http://80064157.rest.co.il,37,4,1.0,1599,1,16,False,6314515
Nam,03-6708050,"Dizengoff 275, Tel Aviv-Yafo","Sunday
  12: 00-17: 00
 18: 30-23: 30
Monday
  12: 00-17: 00
 18: 30-23: 30
Tuesday
  12: 00-17: 00
 18: 30-23: 30
Wednesday
  12: 00-17: 00
 18: 30-23: 30
Thursday
  12: 00-17: 00
 18: 30-23: 30
Friday
  12: 00-17: 00
 18: 30-23: 30
Saturday
  12: 00-17: 00
 18: 30-23: 30",Thai restaurant chain,8.7,True,True,False,True,https://www.facebook.com/613188245532010,https://www.instagram.com/nam_restaurant/,http://namrestaurant.co.il,55,5,4.0,2234,4,25,False,6311804
Pua,03-6823821,"Rabbi Yochanan 8, Tel Aviv-Yafo","Sunday
  09: 00-01: 00
Monday
  09: 00-01: 00
Tuesday
  09: 00-01: 00
Wednesday
  09: 00-01: 00
Thursday
  09: 00-01: 00
Friday
  09: 00-01: 00
Saturday
 closed",coffee shop,9.4,False,True,True,True,https://www.facebook.com/141699945842242,https://www.instagram.com,http://puaa.co.il,45,1,0.0,2085,6670,11,False,6813814
Chikti,03-6853499,"Yehuda Halevi 58, Tel Aviv-Yafo","Sunday
  17: 00-24: 00
Monday
  17: 00-24: 00
Tuesday
  17: 00-24: 00
Wednesday
  17: 00-24: 00
Thursday
  17: 00-01: 00
Friday
  12: 00-16: 00
 18: 30-24: 00
Saturday
  12: 00-16: 00",Restaurant,9.8,False,True,False,True,https://www.facebook.com/233858193472196,https://www.instagram.com,https://www.google.com,22,1,2.0,2547,2,5,False,6579702
Tommy's Pizza,077-9520993,"Allenby 113, Tel Aviv-Yafo","Sunday
  11: 00-05: 30
Monday
  11: 00-05: 30
Tuesday
  11: 00-05: 30
Wednesday
  11: 00-05: 30
Thursday
  11: 00-05: 30
Friday
 closed
Saturday
  19: 30-05: 00",Pizzeria,8.8,True,False,True,False,https://www.facebook.com/238951316793138,https://www.instagram.com,https://www.google.com,34,1,0.0,2007,296,18,False,6581706
Green Roll,03-5245731,"Ahad Ha'am 15, Tel Aviv-Yafo","Sunday
  11: 00-22: 30
Monday
  11: 00-22: 30
Tuesday
  11: 00-22: 30
Wednesday
  11: 00-22: 30
Thursday
  11: 00-22: 30
Friday
  12: 00-16: 30
Saturday
 closed",Sushi,7.9,True,False,True,True,https://www.facebook.com/thegreenroll,https://www.instagram.com/Greenrollsushi/,http://thegreenroll.co.il,43,2,0.0,1200,2309,15,True,6514101
Sudokh,077-8280808,"Locksmith 64, Tel Aviv-Yafo","Sunday
  08: 30-04: 30
Monday
  08: 30-04: 30
Tuesday
  08: 30-04: 30
Wednesday
  08: 30-24: 00
Thursday
  00: 00-06: 00
 08: 30-24: 00
Friday
 closed
Saturday
  00: 00-04: 30
 18: 00-04: 30",Sausage toast net,7.5,True,False,True,False,https://www.facebook.com,https://www.instagram.com,http://suduch.co.il,27,0,0.0,2904,86,0,True,6721712
La Market,073-7829069,"Dizengoff 92, Tel Aviv-Yafo","Sunday
  12: 00-23: 30
Monday
  12: 00-23: 30
Tuesday
  12: 00-23: 30
Wednesday
  12: 00-23: 30
Thursday
  12: 00-23: 30
Friday
  12: 00-23: 30
Saturday
  12: 00-23: 30",Mediterranean restaurant,8.2,False,True,False,True,https://www.facebook.com/158905194178797,https://www.instagram.com,http://la-shuk.co.il,22,2,1.0,2362,1,6,False,6433264
The green cat,073-7327361,"Levontin 7, Tel Aviv-Yafo","Sunday
  18: 00-24: 00
Monday
  18: 00-24: 00
Tuesday
  18: 00-24: 00
Wednesday
  18: 00-24: 00
Thursday
  18: 00-24: 00
Friday
  10: 00-16: 00
Saturday
  18: 00-24: 00",Pizzeria,8.5,True,False,False,False,https://www.facebook.com/1429385777322562,https://www.instagram.com,https://www.google.com,14,3,0.0,620,1878,4,True,6511106
Porter & Sons,03-6244355,"The Four 14, Tel Aviv-Yafo","Sunday
  17: 00-24: 00
Monday
  17: 00-24: 00
Tuesday
  17: 00-24: 00
Wednesday
  17: 00-24: 00
Thursday
  17: 00-24: 00
Friday
  17: 00-01: 00
Saturday
  12: 00-24: 00",A steakhouse,7.8,True,True,True,True,https://www.facebook.com/porterandsons,https://www.instagram.com/porterandsons/,http://porter.co.il,35,4,5.0,2131,5,9,False,6473914
Allegria,03-6136964,"Ibn Gvirol 165, Tel Aviv-Yafo","Sunday
  17: 00-22: 00
Monday
  17: 00-22: 00
Tuesday
  17: 00-22: 00
Wednesday
  17: 00-22: 00
Thursday
  17: 00-22: 00
Friday
  17: 00-01: 00
Saturday
  12: 00-22: 00",Vegan restaurant,8.4,True,False,True,True,https://www.facebook.com/396499127147291,https://www.instagram.com,http://www.alegriatlv.com/about,12,1,1.0,1184,1,0,True,6203305
Salouf and Sons,03-5221344,"Nahalat Binyamin 80, Tel Aviv-Yafo","Sunday
  12: 00-19: 00
Monday
  12: 00-19: 00
Tuesday
  12: 00-19: 00
Wednesday
  12: 00-19: 00
Thursday
  12: 00-19: 00
Friday
  10: 00-16: 00
Saturday
 closed",Yemeni restaurant,9.6,False,False,True,False,https://www.facebook.com/622591387867546,https://www.instagram.com,http://salufandsons.co.il,35,0,1.0,736,1,5,False,6652504
Bar Morocco,03-7595195,"Sokolov 54, Holon","Sunday
  11: 30-23: 30
Monday
  11: 30-23: 30
Tuesday
  11: 30-23: 30
Wednesday
  11: 30-23: 30
Thursday
  11: 30-23: 30
Friday
  11: 00-17: 30
Saturday
  21: 00-24: 00",Grill bar,6.6,False,False,True,True,https://www.facebook.com/107332654134348,https://www.instagram.com/bar_maroc_/,http://barmaroc.co.il,57,2,1.0,1101,1,18,True,5832205
Alma Coffee,074-7037474,"Yehuda Hayamit 19, Tel Aviv-Yafo","Sunday
  07: 00-22: 00
Monday
  07: 00-22: 00
Tuesday
  07: 00-22: 00
Wednesday
  07: 00-22: 00
Thursday
  07: 00-22: 00
Friday
  07: 00-22: 00
Saturday
  08: 00-22: 00",coffee shop,7.3,False,False,True,True,https://www.facebook.com/737070766304119,https://www.instagram.com,http://cafealma.co.il,36,2,0.0,1559,1187,11,True,6809117
Tenata,03-5222829,"Chelnov 27, Tel Aviv-Yafo","Sunday
  12: 00-23: 00
Monday
  12: 00-23: 00
Tuesday
  12: 00-23: 00
Wednesday
  12: 00-23: 00
Thursday
  12: 00-23: 00
Friday
  11: 00-16: 00
Saturday
 closed",Ethiopian restaurant,8.6,False,False,True,False,https://www.facebook.com/523059361046815,https://www.instagram.com,https://www.google.com,15,1,0.0,488,1302,5,True,6604810
b12 karlibach tlv,03-7327888,"Carlebach 12, Tel Aviv-Yafo","Sunday
  11: 00-23: 00
Monday
  11: 00-23: 00
Tuesday
  11: 00-23: 00
Wednesday
  11: 00-23: 00
Thursday
  11: 00-24: 00
Friday
  11: 00-23: 00
Saturday
 closed",A steakhouse,9.6,False,False,True,True,https://www.facebook.com/1684123458577702,https://www.instagram.com/b12_karlibach/,http://b12-tlv.co.il,41,7,2.0,1120,2,10,False,6473001
Peck Hi,03-5063202,"Eliyahu Krause 45, Holon","Sunday
 closed
Monday
  12: 00-21: 00
Tuesday
  12: 00-21: 00
Wednesday
  12: 00-21: 00
Thursday
  12: 00-21: 00
Friday
  12: 00-22: 00
Saturday
  12: 00-20: 00",Chinese restaurant,6.5,True,False,True,True,https://www.facebook.com/889995551071415,https://www.instagram.com,https://www.google.com,43,4,0.0,2145,916,24,False,5829413
Gemma,03-6058276,"Tirza 14, Tel Aviv-Yafo","Sunday
  12: 00-24: 00
Monday
  12: 00-24: 00
Tuesday
  12: 00-24: 00
Wednesday
  12: 00-24: 00
Thursday
  12: 00-24: 00
Friday
  12: 00-24: 00
Saturday
  12: 00-24: 00",Italian restaurant,7.1,False,True,True,True,https://www.facebook.com/231178907071654,https://www.instagram.com,http://gemma.co.il,78,5,2.0,2174,2,31,False,6811556
Osaria,03-5330899,"Matalon 44, Tel Aviv-Yafo","Sunday
  12: 00-23: 00
Monday
  12: 00-23: 00
Tuesday
  12: 00-23: 00
Wednesday
  12: 00-23: 00
Thursday
  12: 00-23: 30
Friday
  12: 00-23: 00
Saturday
 closed",Restaurant bar,9.2,True,True,False,False,https://www.facebook.com/223062711130631,https://www.instagram.com,http://ouzeria.co.il,19,1,3.0,800,3,4,False,6652712
Brooklyn Pizza,03-6877748,"Dizengoff 276, Tel Aviv-Yafo","Sunday
  14: 00-01: 00
Monday
  14: 00-01: 00
Tuesday
  14: 00-01: 00
Wednesday
  14: 00-01: 00
Thursday
  14: 00-03: 00
Friday
  12: 00-17: 00
Saturday
  14: 00-01: 00",Pizzeria,7.1,True,False,True,True,https://www.facebook.com/1020305308090762,https://www.instagram.com,http://www.brooklynpizza.co.il,32,2,0.0,1066,2704,14,False,6311629
America Burgers,03-5280281,"Allenby 112, Tel Aviv-Yafo","Sunday
  12: 00-24: 00
Monday
  12: 00-24: 00
Tuesday
  12: 00-24: 00
Wednesday
  12: 00-24: 00
Thursday
  12: 00-24: 00
Friday
  12: 00-24: 00
Saturday
  12: 00-24: 00",Hamburgeria,7.7,True,False,False,True,https://www.facebook.com/571659522977118,https://www.instagram.com,http://americaburgers.com,90,11,5.0,1553,5,33,False,6581705
WayCup,03-5508388,"Yohanan Hasandler 23, Tel Aviv-Yafo","Sunday
  06: 30-20: 00
Monday
  06: 30-20: 00
Tuesday
  06: 30-20: 00
Wednesday
  06: 30-20: 00
Thursday
  06: 30-20: 00
Friday
  06: 30-16: 45
Saturday
 closed",coffee shop,7.8,False,False,False,True,https://www.facebook.com/waycupcoffeetlv,https://www.instagram.com,https://www.google.com,4,0,0.0,398,855,0,False,6382222
Mescal,03-5187925,"Vital 2, Tel Aviv-Yafo","Sunday
 closed
Monday
  17: 00-01: 00
Tuesday
  17: 00-01: 00
Wednesday
  17: 00-01: 00
Thursday
  17: 00-01: 00
Friday
  17: 00-01: 00
Saturday
  17: 00-01: 00",Mexican restaurant,9.3,True,True,True,True,https://www.facebook.com/258738410909537,https://www.instagram.com,http://mezcaltlv.co.il,29,4,2.0,949,2,6,False,6608802
Beautiful,03-5276186,"King Solomon 38, Tel Aviv-Yafo","Sunday
  08: 00-22: 30
Monday
  08: 00-22: 30
Tuesday
  08: 00-22: 30
Wednesday
  08: 00-22: 30
Thursday
  08: 00-22: 30
Friday
 closed
Saturday
  17: 00-23: 30",Cafe Restaurant,9.1,True,False,False,False,https://www.facebook.com/cafeshine,https://www.instagram.com,http://shine38.com,33,1,1.0,618,1,8,False,6437827
Silk,03-7500999,"Mandali Book Seller 5, Tel Aviv-Yafo (Courteous Hotel)","Sunday
  12: 30-16: 00
 18: 30-23: 30
Monday
  12: 30-16: 00
 18: 30-23: 30
Tuesday
  12: 30-16: 00
 18: 30-23: 30
Wednesday
  12: 30-16: 00
 18: 30-23: 30
Thursday
  12: 30-16: 00
 18: 30-23: 30
Friday
  10: 00-15: 00
 18: 00-23: 30
Saturday
  12: 00-16: 00
 18: 30-23: 30",Restaurant,7.9,True,True,True,True,https://www.facebook.com/1556778777904304,https://www.instagram.com/mashya_restaurant/,http://mashya.co.il,30,3,6.0,2697,6,5,False,6390705
Munar,03-9171229,"Nahalat Binyamin 68, Tel Aviv-Yafo","Sunday
  12: 00-16: 00
Monday
  12: 00-16: 00
Tuesday
  12: 00-16: 00
Wednesday
  12: 00-16: 00
Thursday
  12: 00-16: 00
Friday
  12: 00-15: 30
Saturday
 closed",Indian restaurant,7.2,False,False,True,True,https://www.facebook.com/munnar.tlv,https://www.instagram.com/munnar_tlv/,http://munnartlv.co.il,17,1,2.0,789,2,5,True,6610202
Kitchen Market,03-5446669,"Port Market (Hangar 12), Tel Aviv-Yafo","Sunday
  18: 00-23: 30
Monday
  12: 00-16: 00
 18: 30-23: 30
Tuesday
  12: 00-16: 00
 18: 30-23: 30
Wednesday
  12: 00-16: 00
 18: 30-23: 30
Thursday
  12: 00-16: 00
 18: 30-23: 30
Friday
  12: 00-16: 00
 18: 30-23: 30
Saturday
  12: 00-17: 00
 18: 30-23: 30",Restaurant,7.7,True,True,False,True,https://www.facebook.com/227395437298247,https://www.instagram.com/kitchenmarket/,http://kitchen-market.co.il,10,0,3.0,1333,3,0,False,6070631
26 Gourmet Hamburger,03-6005109,"Mikve Israel 26, Tel Aviv-Yafo","Sunday
  12: 00-24: 00
Monday
  12: 00-24: 00
Tuesday
  12: 00-24: 00
Wednesday
  12: 00-24: 00
Thursday
  12: 00-24: 00
Friday
  12: 00-01: 00
Saturday
  12: 00-01: 00",Hamburgeria,7.8,False,False,True,True,https://www.facebook.com/653991681406777,https://www.instagram.com/Hamburgergourmet/,http://hamburgergourmet26.com,58,8,9.0,1495,9,33,False,6511523
Schneur Coffee,03-6296519,"Pinsker 20, Tel Aviv-Yafo","Sunday
  07: 30-23: 00
Monday
  07: 30-23: 00
Tuesday
  07: 30-23: 00
Wednesday
  07: 30-23: 00
Thursday
  07: 30-23: 00
Friday
  07: 30-18: 00
Saturday
 closed",coffee shop,9.0,True,False,True,True,https://www.facebook.com/575835699106511,https://www.instagram.com,http://shneor-cafe.com,40,2,0.0,1031,1605,12,False,6342110
Falafel desire,050-7202099,"King George 17, Tel Aviv-Yafo","Sunday
  09: 00-19: 00
Monday
  09: 00-19: 00
Tuesday
  09: 00-19: 00
Wednesday
  09: 00-19: 00
Thursday
  09: 00-19: 00
Friday
  09: 00-14: 00
Saturday
 closed",Falafel,9.6,True,False,False,True,https://www.facebook.com/356843351036485,https://www.instagram.com,https://www.google.com,18,0,0.0,411,1037,8,False,6329011
416,03-7755060,"The Four 16, Tel Aviv-Yafo","Sunday
  12: 00-23: 00
Monday
  12: 00-23: 00
Tuesday
  12: 00-23: 00
Wednesday
  12: 00-23: 00
Thursday
  12: 00-23: 00
Friday
  12: 00-23: 00
Saturday
  12: 00-23: 00",Vegan restaurant,8.1,True,True,True,True,https://www.facebook.com/1335825046433011,https://www.instagram.com/fouronesix_tlv/,http://416tlv.com,52,6,2.0,1164,2,21,True,6473916
Goodness,03-9384499,"King George 41, Tel Aviv-Yafo","Sunday
  11: 00-23: 00
Monday
  11: 00-23: 00
Tuesday
  11: 00-23: 00
Wednesday
  11: 00-23: 00
Thursday
  11: 00-23: 30
Friday
  11: 00-23: 00
Saturday
  12: 00-23: 00",Vegan restaurant,7.0,False,False,True,True,https://www.facebook.com/1882611811957043,https://www.instagram.com,http://goodness.co.il,58,2,0.0,642,4079,26,False,6329913
Port 19,03-7397020,"The Hasmoneans 95, Tel Aviv-Yafo","Sunday
  11: 30-24: 00
Monday
  11: 30-24: 00
Tuesday
  11: 30-24: 00
Wednesday
  11: 30-24: 00
Thursday
  11: 30-24: 00
Friday
  11: 30-16: 00
Saturday
  12: 30-24: 00",Hamburgeria,8.9,True,False,True,False,https://www.facebook.com/151644262127355,https://www.instagram.com,http://sodhabasar.co.il/html5/?_id=13217&amp;did=1383&amp;G=13217,75,7,8.0,1551,8,28,False,6713312
C 17,03-9442773,"Jeremiah 17, Tel Aviv-Yafo","Sunday
  10: 00-23: 00
Monday
  10: 00-23: 00
Tuesday
  10: 00-23: 00
Wednesday
  10: 00-23: 00
Thursday
  10: 00-23: 00
Friday
  09: 00-16: 00
Saturday
 closed",Vegan restaurant,7.8,True,True,True,True,https://www.facebook.com/156087748454333,https://www.instagram.com/Vegan.j17/,http://j17.co.il,48,1,0.0,839,2147,24,True,6259403
A place of meat,03-5104020,"Shabazi 64, Tel Aviv-Yafo","Sunday
  12: 00-24: 00
Monday
  12: 00-24: 00
Tuesday
  12: 00-24: 00
Wednesday
  12: 00-24: 00
Thursday
  12: 00-24: 00
Friday
  12: 00-24: 00
Saturday
  12: 00-24: 00",A steakhouse,7.0,True,True,True,False,https://www.facebook.com/115217685217487,https://www.instagram.com,http://makomshelbasar.rest.co.il,34,3,1.0,1941,1,11,False,6514437
Citizen,054-5566431,"Montefiore 15, Tel Aviv-Yafo","Sunday
  10: 00-18: 00
Monday
  10: 00-18: 00
Tuesday
  10: 00-18: 00
Wednesday
  10: 00-18: 00
Thursday
  10: 00-18: 00
Friday
 closed
Saturday
 closed",coffee shop,7.9,True,False,True,True,https://www.facebook.com/758751150975393,https://www.instagram.com/citizen_tlv/,http://www.citizengardentlv.com,5,1,1.0,772,1,0,False,6516402
Babette,03-6915025,"Chafetz Chaim 8, Tel Aviv-Yafo","Sunday
  20: 00-01: 00
Monday
  20: 00-01: 00
Tuesday
  20: 00-01: 00
Wednesday
  20: 00-01: 00
Thursday
  20: 00-01: 00
Friday
 closed
Saturday
  20: 00-01: 00",coffee shop,7.5,True,False,False,False,https://www.facebook.com/188139031310606,https://www.instagram.com,https://www.google.com,18,3,1.0,830,1,6,False,6744122
Pankina,03-6449793,"YL Gordon 39, Tel Aviv-Yafo","Sunday
  12: 00-23: 30
Monday
  12: 00-24: 00
Tuesday
  12: 00-24: 00
Wednesday
  12: 00-23: 30
Thursday
  12: 00-24: 00
Friday
 closed
Saturday
 closed",Italian restaurant,9.5,False,True,True,True,https://www.facebook.com/856632707774178,https://www.instagram.com,http://pankina.rol.co.il,47,5,0.0,2521,1505,16,True,6346149
Edmund,050-5959386,"Yehuda Halevi 33, Tel Aviv-Yafo","Sunday
  07: 00-20: 00
Monday
  07: 00-20: 00
Tuesday
  07: 00-20: 00
Wednesday
  07: 00-20: 00
Thursday
  07: 00-20: 00
Friday
  07: 00-17: 00
Saturday
 closed",coffee shop,7.1,True,False,True,True,https://www.facebook.com/edmundcoffee,https://www.instagram.com,https://www.google.com,7,0,0.0,956,1224,4,False,6513614
Unza,03-6486060,"Rabbi Hanina 3, Tel Aviv-Yafo","Sunday
 closed
Monday
  18: 30-23: 00
Tuesday
  18: 30-23: 00
Wednesday
  18: 30-23: 00
Thursday
  18: 30-23: 00
Friday
  14: 00-23: 00
Saturday
  14: 30-23: 00",Restaurant,6.9,True,True,True,True,https://www.facebook.com/1430294677182150,https://www.instagram.com/onza_jaffa/,http://onza.co.il,11,6,4.0,1062,3,0,False,6813731
mae coffee,03-5102266,"Tuval 15, Ramat Gan","Sunday
  07: 30-17: 00
Monday
  07: 30-17: 00
Tuesday
  07: 30-17: 00
Wednesday
  07: 30-17: 00
Thursday
  07: 30-17: 00
Friday
  08: 30-15: 00
Saturday
 closed",A chain of cafes,9.3,True,False,False,False,https://www.facebook.com/252559581446000,https://www.instagram.com,http://maecafe.com,4,0,0.0,445,462,0,False,5252230
Cflix,03-5250388,"King Solomon 12, Tel Aviv-Yafo","Sunday
  07: 00-19: 00
Monday
  07: 00-19: 00
Tuesday
  07: 00-19: 00
Wednesday
  07: 00-19: 00
Thursday
  07: 00-19: 00
Friday
  07: 00-15: 00
Saturday
 closed",A chain of cafes,8.5,False,False,False,False,https://www.facebook.com/160094847427575,https://www.instagram.com,http://cafelix.co.il,7,1,0.0,326,1045,3,False,6437712
mach,03-5580425,"Carmel Alley 30, Tel Aviv-Yafo","Sunday
 closed
Monday
  12: 00-23: 00
Tuesday
  12: 00-23: 00
Wednesday
  12: 00-23: 00
Thursday
  12: 00-23: 00
Friday
  12: 00-16: 30
Saturday
 closed",A steakhouse,8.9,False,True,False,True,https://www.facebook.com/612022528869268,https://www.instagram.com/meatmarket.m25/,http://m25meat.co.il,41,1,3.0,1350,3,6,False,65603
Rainbow,03-5223040,"Ibn Gvirol 88, Tel Aviv-Yafo","Sunday
  12: 00-23: 00
Monday
  12: 00-23: 00
Tuesday
  12: 00-23: 00
Wednesday
  12: 00-23: 00
Thursday
  12: 00-23: 00
Friday
 closed
Saturday
  17: 00-23: 00",Restaurant,7.2,False,False,False,False,https://www.facebook.com/rainbowpitta,https://www.instagram.com/rainbowburgerstlv/,https://www.google.com,35,1,1.0,596,1,8,True,6404613
Burton Carrefour,03-6358221,"Ibn Gvirol 52, Tel Aviv-Yafo","Sunday
  10: 00-01: 00
Monday
  10: 00-01: 00
Tuesday
  10: 00-01: 00
Wednesday
  10: 00-01: 00
Thursday
  10: 00-01: 00
Friday
  10: 00-17: 00
Saturday
  10: 00-01: 00",Fast food chain,9.1,False,False,True,True,https://www.facebook.com/1013003742096970,https://www.instagram.com/bretonnetlv/,http://bretonne.co.il,26,3,0.0,763,3585,4,False,6436411
A la ramp,03-5461506,"Hamal 21, Tel Aviv-Yafo","Sunday
  19: 00-03: 00
Monday
  19: 00-03: 00
Tuesday
  19: 00-03: 00
Wednesday
  19: 00-03: 00
Thursday
  19: 00-03: 00
Friday
  19: 00-03: 00
Saturday
  19: 00-03: 00",Restaurant bar,9.2,False,True,False,True,https://www.facebook.com/308638535895689,https://www.instagram.com,https://www.google.com,22,0,0.0,863,2343,5,False,6070631
Magic Burger,03-6956782,"Ibn Gvirol 64, Tel Aviv-Yafo","Sunday
  11: 00-03: 00
Monday
  11: 00-03: 00
Tuesday
  11: 00-03: 00
Wednesday
  11: 00-03: 00
Thursday
  11: 00-04: 00
Friday
 closed
Saturday
 closed",Hamburgeria,8.9,False,False,True,False,https://www.facebook.com/640757319652421,https://www.instagram.com,http://magic-burger.co.il,40,4,0.0,1631,664,19,False,6495201
Olympus,03-5621658,"Carlebach 7, Tel Aviv-Yafo","Sunday
  12: 00-17: 00
Monday
  12: 00-17: 00
Tuesday
  12: 00-17: 00
Wednesday
  12: 00-17: 00
Thursday
  12: 00-17: 00
Friday
 closed
Saturday
  12: 00-17: 00",Greek restaurant,9.4,False,False,True,True,https://www.facebook.com/350070448376591,https://www.instagram.com,http://www.olympus-rest.co.il,6,1,3.0,337,3,0,False,6713211
Samuel,03-6311650,"Rabbi Meir 50, Tel Aviv-Yafo","Sunday
  11: 00-17: 00
Monday
  11: 00-17: 00
Tuesday
  11: 00-17: 00
Wednesday
  11: 00-17: 00
Thursday
  11: 00-17: 00
Friday
  11: 00-16: 00
Saturday
 closed",Grill bar,9.9,False,False,False,False,https://www.facebook.com/1549752711917323,https://www.instagram.com,https://www.google.com,11,0,0.0,263,1200,3,False,6070631
Gucha,03-5222886,"Dizengoff 171, Tel Aviv-Yafo","Sunday
  12:00 - until last customer
Monday
  12:00 - until last customer
Tuesday
  12:00 - until last customer
Wednesday
  12:00 - until last customer
Thursday
  12:00 - until last customer
Friday
  12:00 - until last customer
Saturday
  12:00 - until last customer",Fish restaurant,8.4,False,True,True,False,https://www.facebook.com/reshetgoocha,https://www.instagram.com,http://goocha.co.il,29,4,0.0,687,7045,16,False,6346205
Leon Pastry,03-6833123,"Olive Zion 17, Tel Aviv-Yafo","Sunday
  06: 00-19: 00
Monday
  06: 00-19: 00
Tuesday
  06: 00-19: 00
Wednesday
  06: 00-19: 00
Thursday
  06: 00-19: 00
Friday
  06: 00-16: 00
Saturday
 closed",Boraxia,8.0,False,False,True,False,https://www.facebook.com/439840876062849,https://www.instagram.com/Leon__bakery/,http://leon-b.co.il,10,0,0.0,281,704,0,True,6802548
The Knesset from Beit Alfi,054-7112838,"Frishman 22, Tel Aviv-Yafo","Sunday
 closed
Monday
  18: 00-01: 00
Tuesday
  18: 00-01: 00
Wednesday
  18: 00-01: 00
Thursday
  13: 00-15: 00
 18: 00-01: 30
Friday
  13: 00-01: 30
Saturday
  13: 00-01: 45",Hamburgeria,10.0,False,False,False,True,https://www.facebook.com/110676577190628,https://www.instagram.com,https://www.google.com,38,2,3.0,736,3,17,False,6356107
Sabih Tchernichovsky,050-5306654,"Tchernichovsky 2, Tel Aviv-Yafo","Sunday
  10: 00-22: 00
Monday
  10: 00-22: 00
Tuesday
  10: 00-22: 00
Wednesday
  10: 00-22: 00
Thursday
  10: 00-22: 00
Friday
  09: 00-16: 00
Saturday
 closed",Sabih,6.5,False,False,True,True,https://www.facebook.com/189241887791511,https://www.instagram.com,http://sabichtshernechovski.co.il,14,0,0.0,221,1689,8,False,6329113
Meat and wine bistro lounge,03-5660013,"Heichal Hatalmud 4, Tel Aviv-Yafo","Sunday
  18: 30-23: 30
Monday
  18: 30-23: 30
Tuesday
  18: 30-23: 30
Wednesday
  18: 30-23: 30
Thursday
  18: 30-23: 30
Friday
  18: 30-23: 30
Saturday
  13: 00-23: 30",A steakhouse,8.7,False,True,True,True,https://www.facebook.com/htraklin,https://www.instagram.com,http://hatraklin.co.il,36,10,1.0,1224,1,12,False,6513628
Café Michelangelo,058-3963077,"Ben Teradion 2, Tel Aviv-Yafo","Sunday
  08: 00-18: 00
Monday
  08: 00-18: 00
Tuesday
  08: 00-18: 00
Wednesday
  08: 00-18: 00
Thursday
  08: 00-18: 00
Friday
  10: 00-15: 00
Saturday
  10: 00-16: 00",coffee shop,9.4,False,False,True,True,https://www.facebook.com/1894094597483100,https://www.instagram.com/michelangelo_caffe/,http://michelangeloyafa.com,23,1,0.0,745,1210,3,True,68022
Tulip,03-5668444,"Yehuda Halevi 52, Tel Aviv-Yafo","Sunday
  11: 00-18: 00
Monday
  11: 00-18: 00
Tuesday
  11: 00-18: 00
Wednesday
  11: 00-18: 00
Thursday
  11: 00-23: 00
Friday
  11: 00-23: 00
Saturday
  11: 00-23: 00",Restaurant,9.0,False,False,True,True,https://www.facebook.com/1924210031146593,https://www.instagram.com,http://tulip.rest.co.il,15,3,0.0,640,1901,5,False,6579603
The brothers,03-6917171,"Ibn Gvirol 26, Tel Aviv-Yafo","Sunday
  12: 00-24: 00
Monday
  12: 00-24: 00
Tuesday
  12: 00-24: 00
Wednesday
  12: 00-24: 00
Thursday
  12: 00-24: 00
Friday
  12: 00-24: 00
Saturday
  12: 00-24: 00",Restaurant,8.9,False,True,True,False,https://www.facebook.com/haachim,https://www.instagram.com,http://haachim.co.il,37,13,6.0,3256,6,8,False,6473506
The Carica Market Burika,054-5332337,"Carmel 42, Tel Aviv-Yafo","Sunday
  10: 00-18: 00
Monday
  10: 00-18: 00
Tuesday
  10: 00-18: 00
Wednesday
  10: 00-18: 00
Thursday
  10: 00-18: 00
Friday
  10: 00-18: 00
Saturday
 closed",Fast food restaurant,9.7,False,False,False,True,https://www.facebook.com/196042650597286,https://www.instagram.com,https://www.google.com,12,0,0.0,167,422,0,False,6560471
Hanan Margilan,03-6873984,"Mesilat Yasharim 15, Tel Aviv-Yafo","Sunday
  11: 00-22: 00
Monday
  11: 00-22: 00
Tuesday
  11: 00-22: 00
Wednesday
  11: 00-22: 00
Thursday
  11: 00-22: 00
Friday
 closed
Saturday
 closed",Restaurant,9.6,False,False,False,False,https://www.facebook.com/618251328258167,https://www.instagram.com,https://www.google.com,18,2,4.0,859,4,5,False,6603519
Chapoburger,050-3435383,"Uziel 55, Ramat Gan","Sunday
  11: 00-03: 00
Monday
  11: 00-03: 00
Tuesday
  11: 00-03: 00
Wednesday
  11: 00-03: 00
Thursday
  11: 00-04: 00
Friday
  11: 00-04: 00
Saturday
  11: 00-04: 00",Hamburgeria,6.7,False,False,True,True,https://www.facebook.com,https://www.instagram.com/chapoburger/,https://www.google.com,5,0,2.0,2321,2,4,False,5234402
Showcase,03-6960304,"Lilienblum 40, Tel Aviv-Yafo","Sunday
  12: 00-23: 00
Monday
  12: 00-23: 00
Tuesday
  12: 00-23: 00
Wednesday
  12: 00-23: 00
Thursday
  12: 00-24: 00
Friday
 closed
Saturday
 closed",Hamburgeria,9.1,False,False,False,False,https://www.facebook.com/157724628113438,https://www.instagram.com/vitrinush/,https://www.google.com,30,8,2.0,1846,2,13,False,6513319
Basel Congress,03-5449183,"Ibn Gvirol 141, Tel Aviv-Yafo","Sunday
  11: 00-22: 00
Monday
  11: 00-22: 00
Tuesday
  11: 00-22: 00
Wednesday
  11: 00-22: 00
Thursday
  11: 00-22: 00
Friday
  11: 00-18: 45
Saturday
 closed",Oriental restaurant,9.3,False,False,True,True,https://www.facebook.com/189531287741981,https://www.instagram.com,http://congressbasel.com,18,1,0.0,464,2235,7,False,6203710
Turk to Hamjon,03-5661661,"Nahalat Binyamin 77, Tel Aviv-Yafo","Sunday
  10: 00-22: 00
Monday
  10: 00-22: 00
Tuesday
  10: 00-22: 00
Wednesday
  10: 00-22: 00
Thursday
  10: 00-22: 00
Friday
  10: 00-16: 00
Saturday
 closed",Shawarma,6.8,False,False,False,True,https://www.facebook.com/179278448782615,https://www.instagram.com/Turk_lahmajun/,https://www.google.com,48,4,0.0,2547,4853,21,False,6515418
Dr. Saadia,03-5284841,"King George 45, Tel Aviv-Yafo","Sunday
  10: 00-20: 00
Monday
  10: 00-20: 00
Tuesday
  10: 00-20: 00
Wednesday
  10: 00-20: 00
Thursday
  10: 00-20: 00
Friday
  10: 00-16: 00
Saturday
 closed",Falafel,8.0,False,False,True,False,https://www.facebook.com/252378978191433,https://www.instagram.com,https://www.google.com,13,0,0.0,177,509,7,False,6329915
Cafe Hara'a,03-6006969,"See 12, Ramat Gan","Sunday
  08: 00-21: 00
Monday
  08: 00-21: 00
Tuesday
  08: 00-21: 00
Wednesday
  08: 00-21: 00
Thursday
  08: 00-21: 00
Friday
  07: 30-15: 00
Saturday
 closed",coffee shop,7.6,False,False,True,True,https://www.facebook.com/coffeharoee,https://www.instagram.com,http://caffearoe.rest.co.il,15,5,0.0,702,738,4,False,5243212
Nini Hachi,03-6249228,"Ben Yehuda 228, Tel Aviv-Yafo","Sunday
  12: 00-24: 00
Monday
  12: 00-24: 00
Tuesday
  12: 00-24: 00
Wednesday
  12: 00-24: 00
Thursday
  12: 00-24: 00
Friday
  12: 00-16: 00
Saturday
  18: 00-24: 00",Asian restaurant,9.4,False,True,True,True,https://www.facebook.com/752360524774925,https://www.instagram.com,http://ninihachi.com,58,11,1.0,1166,1,10,False,6347323
Bucke Boca,03-5541262,"Ahad Ha'am 91, Tel Aviv-Yafo","Sunday
  10: 00-24: 00
Monday
  10: 00-24: 00
Tuesday
  10: 00-24: 00
Wednesday
  10: 00-24: 00
Thursday
  10: 00-24: 00
Friday
  10: 00-16: 00
Saturday
  18: 00-24: 00",coffee shop,8.2,False,False,False,True,https://www.facebook.com/1948451662060914,https://www.instagram.com,http://bucke-cafe.com,16,4,0.0,1299,2274,3,False,6425303
American cuisine Bodega,058-7512000,"Carlebach 14, Tel Aviv-Yafo","Sunday
  11: 30-23: 30
Monday
  11: 30-23: 30
Tuesday
  11: 30-23: 30
Wednesday
  11: 30-23: 30
Thursday
  11: 30-23: 30
Friday
 closed
Saturday
 closed",Hamburgeria,10.0,False,False,True,True,https://www.facebook.com/509626426241140,https://www.instagram.com/Getbodega/,http://www.tabitorder.com/?sitename=bodega#/start,35,4,3.0,1444,3,19,False,6473002
Amora Mio,03-5244040,"Ibn Gvirol 100, Tel Aviv-Yafo","Sunday
  12: 00-24: 00
Monday
  12: 00-24: 00
Tuesday
  12: 00-24: 00
Wednesday
  12: 00-24: 00
Thursday
  12: 00-24: 00
Friday
  12: 00-24: 00
Saturday
  12: 00-24: 00",Italian restaurant,7.3,False,False,True,True,https://www.facebook.com/amore-mio-%D7%90%D7%9E%D7%95%D7%A8%D7%94-%D7%9E%D7%99%D7%95-101140145023563,https://www.instagram.com,http://www.rest.co.il/sites/default.asp?txtrestid=2689,90,9,2.0,2290,2,35,False,6404625
La Guthrie,03-5250350,"King George 97, Tel Aviv-Yafo","Sunday
 closed
Monday
  07: 00-00: 30
Tuesday
  07: 00-00: 30
Wednesday
  07: 00-00: 30
Thursday
  07: 00-00: 30
Friday
  07: 00-16: 00
Saturday
  10: 00-00: 30",coffee shop,6.5,False,False,False,True,https://www.facebook.com/1840363679564268,https://www.instagram.com/Lagaterietlv/,https://www.google.com,8,0,0.0,891,748,3,False,6433830
Kaimak Coffee,03-5185228,"Lewinsky 49, Tel Aviv-Yafo","Sunday
  10: 00-23: 00
Monday
  10: 00-23: 00
Tuesday
  10: 00-23: 00
Wednesday
  10: 00-23: 00
Thursday
  10: 00-23: 00
Friday
  09: 00-17: 00
Saturday
 closed",coffee shop,8.6,False,False,False,False,https://www.facebook.com/148883548460408,https://www.instagram.com,http://cafekaymak.com,11,0,1.0,568,1,0,True,6652609
Goga,054-5942700,"Zeitlin 1, Tel Aviv-Yafo","Sunday
  07: 00-23: 00
Monday
  07: 00-23: 00
Tuesday
  07: 00-23: 00
Wednesday
  07: 00-23: 00
Thursday
  07: 00-24: 00
Friday
  07: 00-16: 00
Saturday
 closed",coffee shop,6.6,False,True,False,True,https://www.facebook.com/guga.coffee.wine,https://www.instagram.com,https://www.google.com,0,0,0.0,595,863,0,False,6495601
Angus meats,03-7715733,"The Four 20, Tel Aviv-Yafo","Sunday
  13: 00-17: 00
Monday
  13: 00-17: 00
Tuesday
  13: 00-17: 00
Wednesday
  13: 00-17: 00
Thursday
  12: 00-22: 30
Friday
  14: 00-22: 00
Saturday
  14: 00-22: 00",Meat restaurant chain,9.1,False,True,True,True,https://www.facebook.com/angustlv,https://www.instagram.com,http://angus.co.il,50,4,1.0,1506,1,17,False,6473968
the little Prince,03-5253632,"King George 18, Tel Aviv-Yafo","Sunday
  10: 00-24: 00
Monday
  10: 00-24: 00
Tuesday
  10: 00-24: 00
Wednesday
  10: 00-24: 00
Thursday
  10: 00-24: 00
Friday
  10: 00-17: 00
Saturday
  20: 00-24: 00",coffee shop,7.1,False,False,False,True,https://www.facebook.com/409925435757429,https://www.instagram.com,https://www.google.com,13,1,0.0,1068,1795,3,False,6326619
The golden grain,03-6777456,"Lewinsky 30, Tel Aviv-Yafo","Sunday
  10: 00-18: 00
Monday
  10: 00-18: 00
Tuesday
  10: 00-18: 00
Wednesday
  10: 00-18: 00
Thursday
  10: 00-18: 00
Friday
  10: 00-15: 00
Saturday
 closed",Hummus,9.1,False,False,True,True,https://www.facebook.com/509968492410085,https://www.instagram.com,http://www.gargerhazahav.com,34,3,0.0,509,2240,20,False,6610903
The Wizard,03-5252033,"King Solomon 1, Tel Aviv-Yafo","Sunday
  09: 30-24: 00
Monday
  09: 30-24: 00
Tuesday
  09: 30-24: 00
Wednesday
  09: 30-24: 00
Thursday
  09: 30-24: 00
Friday
  09: 00-16: 30
Saturday
 closed",Falafel,8.4,False,False,True,False,https://www.facebook.com/120889484655916,https://www.instagram.com,http://falafelhakosem.com,43,6,2.0,836,2,4,False,6437701
Nature Boys,03-9581080,"Levontin 30, Tel Aviv-Yafo","Sunday
  11: 15-22: 00
Monday
  11: 15-22: 00
Tuesday
  11: 15-22: 00
Wednesday
  11: 15-22: 00
Thursday
  11: 15-22: 00
Friday
  11: 00-15: 00
Saturday
 closed",Restaurant,7.5,False,False,True,True,https://www.facebook.com,https://www.instagram.com/nature.boys.planet/,https://www.google.com,16,3,0.0,316,2548,8,True,6511609
Sabih Frishman,054-7955945,"Frishman 44, Tel Aviv-Yafo","Sunday
  08: 00-22: 00
Monday
  08: 00-22: 00
Tuesday
  08: 00-22: 00
Wednesday
  08: 00-22: 00
Thursday
  08: 00-21: 00
Friday
  08: 00-17: 00
Saturday
 closed",Sabih,9.9,False,False,False,True,https://www.facebook.com/153584928034455,https://www.instagram.com,https://www.google.com,18,2,0.0,469,2076,6,False,6439507
Falafel Gabay,03-6297060,"Bograshov 25, Tel Aviv-Yafo","Sunday
  10: 30-22: 00
Monday
  10: 30-22: 00
Tuesday
  10: 30-22: 00
Wednesday
  10: 30-22: 00
Thursday
  10: 30-22: 00
Friday
  10: 30-18: 45
Saturday
 closed",Falafel Network,7.4,False,False,True,True,https://www.facebook.com/114023145924066,https://www.instagram.com/falafel.gabay/,http://www.falafelgabay.co.il,26,3,0.0,562,2697,9,False,6334216
Market,03-5525808,"Dizengoff 140, Tel Aviv-Yafo","Sunday
  12: 00-23: 00
Monday
  12: 00-23: 00
Tuesday
  12: 00-21: 00
Wednesday
  12: 00-21: 00
Thursday
  12: 00-21: 00
Friday
  12: 00-15: 30
Saturday
 closed",Vegan restaurant,6.9,False,False,True,False,https://www.facebook.com/740014096105429,https://www.instagram.com,http://linktr.ee,8,2,0.0,256,2020,0,True,6346115
Vegan market,03-5525808,"Dizengoff 140, Tel Aviv-Yafo","Sunday
  12: 00-23: 00
Monday
  12: 00-23: 00
Tuesday
  12: 00-21: 00
Wednesday
  12: 00-21: 00
Thursday
  12: 00-21: 00
Friday
  12: 00-15: 30
Saturday
 closed",Vegan restaurant,7.4,False,False,True,False,https://www.facebook.com/740014096105429,https://www.instagram.com,http://linktr.ee,8,2,0.0,268,2020,0,True,6346115
West Side,03-7405054,"Herbert Samuel 28 Wharf, Tel Aviv-Yafo","Sunday
  19: 00-23: 00
Monday
  19: 00-23: 00
Tuesday
  19: 00-23: 00
Wednesday
  19: 00-23: 00
Thursday
  19: 00-23: 00
Friday
 closed
Saturday
 closed",Restaurant,7.0,True,True,True,True,https://www.facebook.com/westsideTelaviv,https://www.instagram.com,http://westside.rest.co.il,13,7,1.0,1721,1,3,False,6801814
Shchupek,03-5441973,"Ben Yehuda 256, Tel Aviv-Yafo","Sunday
 closed
Monday
  12: 00-22: 30
Tuesday
  12: 00-22: 30
Wednesday
  12: 00-22: 30
Thursday
  12: 00-23: 00
Friday
  12: 00-23: 00
Saturday
  12: 00-22: 00",Fish restaurant,7.5,True,True,True,True,https://www.facebook.com/shtsupak,https://www.instagram.com/shtsupak/,http://shtsupak.co.il,41,2,1.0,940,1,17,False,6350112
Sabih Hasharon,050-9555250,"Nahalat Binyamin 61, Tel Aviv-Yafo","Sunday
  09: 15-20: 45
Monday
  09: 15-20: 45
Tuesday
  09: 15-20: 45
Wednesday
  09: 15-20: 45
Thursday
  09: 15-20: 45
Friday
 closed
Saturday
 closed",Sabih network,6.8,False,False,True,True,https://www.facebook.com/620081134846424,https://www.instagram.com/Sabihasharontelaviv/,https://www.google.com,19,1,0.0,173,458,5,False,6515407
Barzilai farm,03-5166329,"Ahad Ha'am 6, Tel Aviv-Yafo","Sunday
  09: 00-23: 00
Monday
  09: 00-23: 00
Tuesday
  09: 00-23: 00
Wednesday
  09: 00-23: 00
Thursday
  09: 00-23: 00
Friday
  09: 00-23: 00
Saturday
  09: 00-23: 00",Vegan restaurant,9.4,False,False,False,True,https://www.facebook.com/124263737639504,https://www.instagram.com,http://meshekbarzilay.co.il,36,4,2.0,730,2,9,True,6514206
Al and Sino,03-5460679,"Ibn Gvirol 192, Tel Aviv-Yafo","Sunday
  18: 00-02: 00
Monday
  18: 00-02: 00
Tuesday
  18: 00-02: 00
Wednesday
  18: 00-02: 00
Thursday
  18: 00-02: 00
Friday
  12: 00-02: 00
Saturday
  18: 00-02: 00",Restaurant bar,8.2,True,True,True,True,https://www.facebook.com/elvecino.winebar,https://www.instagram.com,http://elvecino.co.il,10,1,0.0,821,1990,0,False,6203268
Showcase,03-6960304,"Lilienblum 40, Tel Aviv-Yafo","Sunday
  12: 00-23: 00
Monday
  12: 00-23: 00
Tuesday
  12: 00-23: 00
Wednesday
  12: 00-23: 00
Thursday
  12: 00-24: 00
Friday
 closed
Saturday
 closed",Hamburgeria,7.2,False,False,False,False,https://www.facebook.com/157724628113438,https://www.instagram.com/vitrinush/,https://www.google.com,30,8,2.0,1827,2,13,False,6513319
Basel Congress,03-5449183,"Ibn Gvirol 141, Tel Aviv-Yafo","Sunday
  11: 00-22: 00
Monday
  11: 00-22: 00
Tuesday
  11: 00-22: 00
Wednesday
  11: 00-22: 00
Thursday
  11: 00-22: 00
Friday
  11: 00-18: 45
Saturday
 closed",Oriental restaurant,9.5,False,False,True,True,https://www.facebook.com/189531287741981,https://www.instagram.com,http://congressbasel.com,19,1,0.0,459,2235,7,False,6203710
Turk to Hamjon,03-5661661,"Nahalat Binyamin 77, Tel Aviv-Yafo","Sunday
  10: 00-22: 00
Monday
  10: 00-22: 00
Tuesday
  10: 00-22: 00
Wednesday
  10: 00-22: 00
Thursday
  10: 00-22: 00
Friday
  10: 00-16: 00
Saturday
 closed",Shawarma,8.4,False,False,False,True,https://www.facebook.com/179278448782615,https://www.instagram.com/Turk_lahmajun/,https://www.google.com,48,4,0.0,2564,4853,21,False,6515418
Dr. Saadia,03-5284841,"King George 45, Tel Aviv-Yafo","Sunday
  10: 00-20: 00
Monday
  10: 00-20: 00
Tuesday
  10: 00-20: 00
Wednesday
  10: 00-20: 00
Thursday
  10: 00-20: 00
Friday
  10: 00-16: 00
Saturday
 closed",Falafel,8.8,True,False,True,False,https://www.facebook.com/252378978191433,https://www.instagram.com,https://www.google.com,13,0,0.0,186,509,7,False,6329915
Cafe Hara'a,03-6006969,"See 12, Ramat Gan","Sunday
  08: 00-21: 00
Monday
  08: 00-21: 00
Tuesday
  08: 00-21: 00
Wednesday
  08: 00-21: 00
Thursday
  08: 00-21: 00
Friday
  07: 30-15: 00
Saturday
 closed",coffee shop,8.5,False,False,True,True,https://www.facebook.com/288326827951828,https://www.instagram.com,http://caffearoe.rest.co.il,15,5,0.0,718,739,5,False,5243212
Nini Hachi,03-6249228,"Ben Yehuda 228, Tel Aviv-Yafo","Sunday
  12: 00-24: 00
Monday
  12: 00-24: 00
Tuesday
  12: 00-24: 00
Wednesday
  12: 00-24: 00
Thursday
  12: 00-24: 00
Friday
  12: 00-16: 00
Saturday
  18: 00-24: 00",Asian restaurant,7.8,True,True,True,True,https://www.facebook.com/752360524774925,https://www.instagram.com,http://ninihachi.com,59,11,1.0,1155,1,11,False,6347323
Bucke Boca,03-5541262,"Ahad Ha'am 91, Tel Aviv-Yafo","Sunday
  07: 00-22: 30
Monday
  07: 00-22: 30
Tuesday
  07: 00-22: 30
Wednesday
  07: 00-22: 30
Thursday
  07: 00-22: 30
Friday
  07: 00-16: 00
Saturday
 closed",coffee shop,7.2,True,False,False,True,https://www.facebook.com/1948451662060914,https://www.instagram.com,http://bucke-cafe.com,16,4,0.0,1291,2274,3,False,6425303
American cuisine Bodega,058-7512000,"Carlebach 14, Tel Aviv-Yafo","Sunday
  11: 30-23: 30
Monday
  11: 30-23: 30
Tuesday
  11: 30-23: 30
Wednesday
  11: 30-23: 30
Thursday
  11: 30-23: 30
Friday
 closed
Saturday
 closed",Hamburgeria,8.6,True,False,True,True,https://www.facebook.com/509626426241140,https://www.instagram.com/Getbodega/,http://www.tabitorder.com/?sitename=bodega#/start,35,4,3.0,1453,3,19,False,6473002
Amora Mio,03-5244040,"Ibn Gvirol 100, Tel Aviv-Yafo","Sunday
  12: 00-24: 00
Monday
  12: 00-24: 00
Tuesday
  12: 00-24: 00
Wednesday
  12: 00-24: 00
Thursday
  12: 00-24: 00
Friday
  12: 00-24: 00
Saturday
  12: 00-24: 00",Italian restaurant,8.7,True,False,True,True,https://www.facebook.com/amore-mio-%D7%90%D7%9E%D7%95%D7%A8%D7%94-%D7%9E%D7%99%D7%95-101140145023563,https://www.instagram.com,http://www.rest.co.il/sites/default.asp?txtrestid=2689,90,9,2.0,2206,2,35,False,6404625
La Guthrie,03-5250350,"King George 97, Tel Aviv-Yafo","Sunday
 closed
Monday
  07: 00-00: 30
Tuesday
  07: 00-00: 30
Wednesday
  07: 00-00: 30
Thursday
  07: 00-00: 30
Friday
  07: 00-16: 00
Saturday
  10: 00-00: 30",coffee shop,9.5,False,False,False,True,https://www.facebook.com/1840363679564268,https://www.instagram.com/Lagaterietlv/,https://www.google.com,8,0,0.0,856,748,3,False,6433830
Kaimak Coffee,03-5185228,"Lewinsky 49, Tel Aviv-Yafo","Sunday
  10: 00-23: 00
Monday
  10: 00-23: 00
Tuesday
  10: 00-23: 00
Wednesday
  10: 00-23: 00
Thursday
  10: 00-23: 00
Friday
  09: 00-17: 00
Saturday
 closed",coffee shop,9.7,False,False,False,False,https://www.facebook.com/148883548460408,https://www.instagram.com,http://cafekaymak.com,11,0,1.0,561,1,0,True,6652609
Goga,054-5942700,"Zeitlin 1, Tel Aviv-Yafo","Sunday
  07: 00-23: 00
Monday
  07: 00-23: 00
Tuesday
  07: 00-23: 00
Wednesday
  07: 00-23: 00
Thursday
  07: 00-24: 00
Friday
  07: 00-16: 00
Saturday
 closed",coffee shop,8.2,True,True,False,True,https://www.facebook.com/guga.coffee.wine,https://www.instagram.com,https://www.google.com,0,0,0.0,585,863,0,False,6495601
Angus meats,03-7715733,"The Four 20, Tel Aviv-Yafo","Sunday
  13: 00-17: 00
Monday
  13: 00-17: 00
Tuesday
  13: 00-17: 00
Wednesday
  13: 00-17: 00
Thursday
  12: 00-22: 30
Friday
  14: 00-22: 00
Saturday
  14: 00-22: 00",Meat restaurant chain,8.6,False,True,True,True,https://www.facebook.com/angustlv,https://www.instagram.com,http://angus.co.il,51,4,1.0,1470,1,17,False,6473968
the little Prince,03-5253632,"King George 18, Tel Aviv-Yafo","Sunday
  10: 00-24: 00
Monday
  10: 00-24: 00
Tuesday
  10: 00-24: 00
Wednesday
  10: 00-24: 00
Thursday
  10: 00-24: 00
Friday
  10: 00-17: 00
Saturday
  20: 00-24: 00",coffee shop,7.5,False,False,False,True,https://www.facebook.com/409925435757429,https://www.instagram.com,https://www.google.com,13,1,0.0,1058,1795,3,False,6326619
The golden grain,03-6777456,"Lewinsky 30, Tel Aviv-Yafo","Sunday
  10: 00-18: 00
Monday
  10: 00-18: 00
Tuesday
  10: 00-18: 00
Wednesday
  10: 00-18: 00
Thursday
  10: 00-18: 00
Friday
  10: 00-15: 00
Saturday
 closed",Hummus,9.8,False,False,True,True,https://www.facebook.com/509968492410085,https://www.instagram.com,http://www.gargerhazahav.com,35,3,0.0,522,2240,20,False,6610903
The Wizard,03-5252033,"King Solomon 1, Tel Aviv-Yafo","Sunday
  09: 30-24: 00
Monday
  09: 30-24: 00
Tuesday
  09: 30-24: 00
Wednesday
  09: 30-24: 00
Thursday
  09: 30-24: 00
Friday
  09: 00-16: 30
Saturday
 closed",Falafel,7.7,True,False,True,False,https://www.facebook.com/120889484655916,https://www.instagram.com,http://falafelhakosem.com,43,6,2.0,866,2,4,False,6437701
Nature Boys,03-9581080,"Levontin 30, Tel Aviv-Yafo","Sunday
  11: 15-22: 00
Monday
  11: 15-22: 00
Tuesday
  11: 15-22: 00
Wednesday
  11: 15-22: 00
Thursday
  11: 15-22: 00
Friday
  11: 00-15: 00
Saturday
 closed",Restaurant,7.6,True,False,True,True,https://www.facebook.com,https://www.instagram.com/nature.boys.planet/,https://www.google.com,16,3,0.0,323,2548,8,True,6511609
Sabih Frishman,054-7955945,"Frishman 44, Tel Aviv-Yafo","Sunday
  08: 00-22: 00
Monday
  08: 00-22: 00
Tuesday
  08: 00-22: 00
Wednesday
  08: 00-22: 00
Thursday
  08: 00-21: 00
Friday
  08: 00-17: 00
Saturday
 closed",Sabih,9.1,False,False,False,True,https://www.facebook.com/153584928034455,https://www.instagram.com,https://www.google.com,18,2,0.0,493,2076,6,False,6439507
Falafel Gabay,03-6297060,"Bograshov 25, Tel Aviv-Yafo","Sunday
  10: 30-22: 00
Monday
  10: 30-22: 00
Tuesday
  10: 30-22: 00
Wednesday
  10: 30-22: 00
Thursday
  10: 30-22: 00
Friday
  10: 30-18: 45
Saturday
 closed",Falafel Network,7.4,True,False,True,True,https://www.facebook.com/114023145924066,https://www.instagram.com/falafel.gabay/,http://www.falafelgabay.co.il,26,3,0.0,598,2698,9,False,6334216
Vegan market,03-5525808,"Dizengoff 140, Tel Aviv-Yafo","Sunday
  12: 00-23: 00
Monday
  12: 00-23: 00
Tuesday
  12: 00-21: 00
Wednesday
  12: 00-21: 00
Thursday
  12: 00-21: 00
Friday
  12: 00-15: 30
Saturday
 closed",Vegan restaurant,8.7,True,False,True,False,https://www.facebook.com/740014096105429,https://www.instagram.com,http://linktr.ee,8,2,0.0,268,2020,0,True,6346115
West Side,03-7405054,"Herbert Samuel 28 Wharf, Tel Aviv-Yafo","Sunday
  19: 00-23: 00
Monday
  19: 00-23: 00
Tuesday
  19: 00-23: 00
Wednesday
  19: 00-23: 00
Thursday
  19: 00-23: 00
Friday
 closed
Saturday
 closed",Restaurant,9.5,False,True,True,True,https://www.facebook.com/westsideTelaviv,https://www.instagram.com,http://westside.rest.co.il,13,7,1.0,1721,1,3,False,6801814
Shchupek,03-5441973,"Ben Yehuda 256, Tel Aviv-Yafo","Sunday
 closed
Monday
  12: 00-22: 30
Tuesday
  12: 00-22: 30
Wednesday
  12: 00-22: 30
Thursday
  12: 00-23: 00
Friday
  12: 00-23: 00
Saturday
  12: 00-22: 00",Fish restaurant,6.9,False,True,True,True,https://www.facebook.com/shtsupak,https://www.instagram.com/shtsupak/,http://shtsupak.co.il,41,2,1.0,940,1,17,False,6350112
Sabih Hasharon,050-9555250,"Nahalat Binyamin 61, Tel Aviv-Yafo","Sunday
  09: 15-20: 45
Monday
  09: 15-20: 45
Tuesday
  09: 15-20: 45
Wednesday
  09: 15-20: 45
Thursday
  09: 15-20: 45
Friday
 closed
Saturday
 closed",Sabih network,7.3,False,False,True,True,https://www.facebook.com/620081134846424,https://www.instagram.com/Sabihasharontelaviv/,https://www.google.com,19,1,0.0,173,458,5,False,6515407
Barzilai farm,03-5166329,"Ahad Ha'am 6, Tel Aviv-Yafo","Sunday
  09: 00-23: 00
Monday
  09: 00-23: 00
Tuesday
  09: 00-23: 00
Wednesday
  09: 00-23: 00
Thursday
  09: 00-23: 00
Friday
  09: 00-23: 00
Saturday
  09: 00-23: 00",Vegan restaurant,9.5,True,False,False,True,https://www.facebook.com/124263737639504,https://www.instagram.com,http://meshekbarzilay.co.il,36,4,2.0,730,2,9,True,6514206
Al and Sino,03-5460679,"Ibn Gvirol 192, Tel Aviv-Yafo","Sunday
  18: 00-02: 00
Monday
  18: 00-02: 00
Tuesday
  18: 00-02: 00
Wednesday
  18: 00-02: 00
Thursday
  18: 00-02: 00
Friday
  12: 00-02: 00
Saturday
  18: 00-02: 00",Restaurant bar,8.9,False,True,True,True,https://www.facebook.com/elvecino.winebar,https://www.instagram.com,http://elvecino.co.il,10,1,0.0,821,1990,0,False,6203268
Pizza Fargo,03-9566662,"Herzl 18, Rishon Lezion","Sunday
  10: 30-24: 00
Monday
  10: 30-24: 00
Tuesday
  10: 30-24: 00
Wednesday
  10: 30-24: 00
Thursday
  10: 30-24: 00
Friday
  15: 00-02: 00
Saturday
  09: 00-24: 00",Pizza chain,6.7,False,False,True,False,https://www.facebook.com/161226910562697,https://www.instagram.com,http://prego.co.il,36,13,0.0,668,434,7,True,7528803
Bagget kidney,03-9466694,"Yosef Lishansky 5, Rishon Lezion","Sunday
  10: 00-17: 30
Monday
  10: 00-17: 30
Tuesday
  10: 00-17: 30
Wednesday
  10: 00-17: 30
Thursday
  10: 00-16: 00
Friday
 closed
Saturday
 closed",Fast food restaurant,7.5,False,False,True,True,https://www.facebook.com,https://www.instagram.com,http://buguettenir.co.il,47,13,0.0,856,761,7,False,7565020
Vivino,03-6550575,"Moshe Becker 12, Rishon Lezion","Sunday
  12: 00-23: 00
Monday
  12: 00-23: 00
Tuesday
  12: 00-23: 00
Wednesday
  12: 00-23: 00
Thursday
  12: 00-23: 00
Friday
  08: 30-23: 30
Saturday
  12: 00-23: 45",Italian restaurant,9.6,False,True,True,False,https://www.facebook.com/vivinokarmiel,https://www.instagram.com,http://www.vivino.co.il,47,11,0.0,3704,290,30,False,7535918
DEDA,1-700-700165,"Herzl 75, Rishon Lezion","Sunday
  12: 00-22: 00
Monday
  12: 00-22: 00
Tuesday
  12: 00-22: 00
Wednesday
  12: 00-22: 00
Thursday
  12: 00-22: 00
Friday
  12: 00-22: 00
Saturday
  12: 00-22: 00",Georgian restaurant,7.2,True,True,True,True,https://www.facebook.com/370537279655524,https://www.instagram.com,http://deda.co.il,44,5,1.0,1112,1,19,False,7526730
Biga,03-9772028,"Azrieli Mall Rishonim, Rishon Lezion","Sunday
  08: 30-23: 30
Monday
  08: 30-23: 30
Tuesday
  08: 30-23: 30
Wednesday
  08: 30-23: 30
Thursday
  08: 30-23: 30
Friday
  08: 00-16: 00
Saturday
  20: 15-23: 30",coffee shop,7.1,True,True,True,True,https://www.facebook.com/361351740687589,https://www.instagram.com/Biga_rishonim/,http://biga-rishonim.webflow.io/rishon/biga,91,5,0.0,1866,1226,31,True,6070631
Jones Pizza,08-9400015,"Weizmann 18, Ness Ziona","Sunday
  09: 30-23: 00
Monday
  09: 30-23: 00
Tuesday
  09: 30-23: 00
Wednesday
  09: 30-23: 00
Thursday
  09: 30-23: 00
Friday
  11: 00-18: 15
Saturday
  20: 45-23: 00",Pizzeria,7.1,True,False,False,True,https://www.facebook.com,https://www.instagram.com,http://www.mishlohim.co.il/whitemenu/11018,124,3,0.0,795,230,48,False,7403015
Burger Salon,1-700-705715,"Paz Nahalat Yehuda, Rishon Lezion","Sunday
  11: 00-23: 00
Monday
  11: 00-23: 00
Tuesday
  11: 00-23: 00
Wednesday
  11: 00-23: 00
Thursday
  11: 00-23: 00
Friday
  11: 00-23: 00
Saturday
  11: 00-23: 00",Hamburger chain,9.6,False,False,True,False,https://www.facebook.com/362447827170318,https://www.instagram.com/burger_saloon_rishonlezion/,http://burgersaloon.co.il,52,5,1.0,1187,1,26,False,6070631
Shawarma Herzl 2,03-9568010,"Herzl 2, Rishon Lezion","Sunday
  11: 00-24: 00
Monday
  11: 00-24: 00
Tuesday
  11: 00-24: 00
Wednesday
  11: 00-24: 00
Thursday
  11: 00-24: 00
Friday
 closed
Saturday
  18: 30-24: 00",Shawarma,6.7,False,False,True,True,https://www.facebook.com/192361270780833,https://www.instagram.com/Herzel_2/,http://herzl2.co.il,129,23,0.0,6373,3213,70,False,7528701
Ziona Coffee,08-8586565,"Weizmann 18, Ness Ziona","Sunday
  08: 00-23: 00
Monday
  08: 00-23: 00
Tuesday
  08: 00-23: 00
Wednesday
  08: 00-23: 00
Thursday
  08: 00-23: 00
Friday
  08: 00-15: 30
Saturday
  12: 00-23: 00",coffee shop,7.0,False,True,True,True,https://www.facebook.com/505722282847525,https://www.instagram.com,http://zionacafe.co.il,85,4,2.0,2266,2,23,True,7403015
Benedict,03-6868657,"Moshe Becker 14, Rishon Lezion","Sunday
  08: 00-22: 00
Monday
  08: 00-22: 00
Tuesday
  08: 00-22: 00
Wednesday
  08: 00-22: 00
Thursday
  08: 00-22: 00
Friday
  08: 00-22: 00
Saturday
  08: 00-22: 00",Restaurant coffee chain,9.9,True,False,True,True,https://www.facebook.com/123994144296174,https://www.instagram.com,http://www.benedict.co.il,45,11,2.0,1454,2,8,False,7535920
Arroyo,073-7590111,"Herzl 28, Rishon Lezion","Sunday
  11: 00-22: 00
Monday
  11: 00-22: 00
Tuesday
  11: 00-22: 00
Wednesday
  11: 00-22: 00
Thursday
  11: 00-22: 00
Friday
 closed
Saturday
 closed",Thai restaurant,8.1,False,False,True,True,https://www.facebook.com/103014628159108,https://www.instagram.com/aroi.time.to.thai/,http://aroi.co.il,28,4,0.0,1240,1057,14,True,7528808
BBB,03-7368888,"Moshe Becker 9, Rishon Lezion","Sunday
  11: 45-24: 00
Monday
  11: 45-24: 00
Tuesday
  11: 45-24: 00
Wednesday
  11: 45-24: 00
Thursday
  11: 45-24: 00
Friday
  11: 45-24: 00
Saturday
  11: 45-24: 00",Hamburger chain,6.6,False,True,False,False,https://www.facebook.com/108665935849263,https://www.instagram.com,http://burgus.co.il,53,13,1.0,1159,1,20,False,7535915
Coffee to knead,08-6806630,"Moshe Lerer 1, Ness Ziona","Sunday
  08: 30-23: 00
Monday
  08: 30-23: 00
Tuesday
  08: 30-23: 00
Wednesday
  08: 30-23: 00
Thursday
  08: 30-23: 00
Friday
  08: 00-22: 00
Saturday
  10: 00-22: 00",coffee shop,9.4,True,True,True,True,https://www.facebook.com/423019975107102,https://www.instagram.com/Cafelalushnessziona/,http://cafelalush.co.il,45,5,0.0,1774,291,26,True,6070631
Authentic pizzeria,077-2045446,"Hyacinth 6, Ness Ziona","Sunday
  17: 00-22: 00
Monday
  17: 00-22: 00
Tuesday
  17: 00-22: 00
Wednesday
  17: 00-22: 00
Thursday
  17: 00-22: 00
Friday
 closed
Saturday
  20: 15-22: 00",Pizzeria,6.9,False,False,True,True,https://www.facebook.com/216690888738915,https://www.instagram.com/pizzeria_autentica/,http://autentica.co.il,43,5,0.0,333,1127,23,False,7420605
Se Tu Pizza & Bar,03-9799986,"Rothschild 63, Rishon Lezion","Sunday
  12: 00-24: 00
Monday
  12: 00-24: 00
Tuesday
  12: 00-24: 00
Wednesday
  12: 00-24: 00
Thursday
  12: 00-24: 00
Friday
  12: 00-24: 00
Saturday
  12: 00-24: 00",Pizzeria,8.5,False,False,True,True,https://www.facebook.com/setupizzabar,https://www.instagram.com/setu_pizza_bar/,https://www.google.com,16,4,1.0,886,1,6,True,7520142
Scone clean,03-6499434,"Rothschild 119, Rishon Lezion","Sunday
 closed
Monday
  12: 00-15: 00
 18: 00-22: 00
Tuesday
  12: 00-15: 00
 18: 00-22: 00
Wednesday
  12: 00-15: 00
 18: 00-22: 00
Thursday
  12: 00-15: 00
 18: 00-22: 00
Friday
  12: 00-15: 00
 18: 00-22: 00
Saturday
  12: 00-16: 00",Asian restaurant,9.7,True,False,True,False,https://www.facebook.com/637412323000815,https://www.instagram.com,http://80184954.rest.co.il,24,2,1.0,767,1,5,False,75236
Pizza Kid,03-9560666,"Yehuda Leib Pinsker 16, Rishon Lezion","Sunday
  11: 30-24: 00
Monday
  11: 30-24: 00
Tuesday
  11: 30-24: 00
Wednesday
  11: 30-24: 00
Thursday
  11: 30-24: 00
Friday
 closed
Saturday
  20: 00-24: 00",Pizza chain,7.1,False,False,True,True,https://www.facebook.com,https://www.instagram.com/Pizzakid_rishon/,https://www.google.com,22,5,0.0,442,457,9,False,7530527
Abu Hassan,03-5259640,"David Sakharov 17, Rishon Lezion","Sunday
  08: 00-18: 00
Monday
  08: 00-18: 00
Tuesday
  08: 00-18: 00
Wednesday
  08: 00-18: 00
Thursday
  08: 00-18: 00
Friday
  08: 00-18: 00
Saturday
  08: 00-18: 00",Hummus,8.4,True,False,True,True,https://www.facebook.com/140918019657189,https://www.instagram.com,https://www.google.com,52,2,0.0,1378,889,31,True,7570719
Landover Coffee,08-9200122,"Fleet 4, Ness Ziona","Sunday
  07: 30-23: 00
Monday
  07: 30-23: 00
Tuesday
  07: 30-23: 00
Wednesday
  07: 30-23: 00
Thursday
  07: 30-23: 00
Friday
  07: 30-16: 15
Saturday
  08: 00-23: 00",Restaurant coffee chain,7.3,False,True,True,True,https://www.facebook.com/landwer1919,https://www.instagram.com,http://landwercafe.co.il,22,2,0.0,492,2404,5,False,6070631
Sharina,03-9465000,"Herzl 82, Rishon Lezion","Sunday
  10: 00-17: 00
Monday
  10: 00-17: 00
Tuesday
  10: 00-17: 00
Wednesday
  10: 00-17: 00
Thursday
  10: 00-17: 00
Friday
  10: 00-14: 00
Saturday
 closed",Homemade food restaurant,7.8,True,False,False,False,https://www.facebook.com,https://www.instagram.com,https://www.google.com,13,0,0.0,302,204,7,False,7525102
Borax masturbated,08-9282325,"Yehuda 3, Beer Yaakov","Sunday
  07: 00-17: 00
Monday
  07: 00-17: 00
Tuesday
  07: 00-17: 00
Wednesday
  07: 00-17: 00
Thursday
  07: 00-18: 00
Friday
  07: 00-15: 00
Saturday
 closed",Boraxia,9.1,True,False,False,False,https://www.facebook.com/97127491098,https://www.instagram.com,https://www.google.com,6,0,0.0,175,325,0,False,70300
Alina in pita,03-6228055,"Herzl 34, Rishon Lezion","Sunday
  11: 30-24: 00
Monday
  11: 30-24: 00
Tuesday
  11: 30-24: 00
Wednesday
  11: 30-24: 00
Thursday
  11: 30-02: 00
Friday
 closed
Saturday
  20: 45-02: 00",Grill bar,8.3,True,False,False,False,https://www.facebook.com/103657734713104,https://www.instagram.com/alena.be.pita/,http://alenabepita.co.il/%d7%9e%d7%a9%d7%9c%d7%95%d7%97%d7%99%d7%9d,8,1,1.0,673,1,4,False,7528811
Giliz,03-6334222,"Rothschild 67, Rishon Lezion","Sunday
  11: 30-23: 00
Monday
  11: 30-23: 00
Tuesday
  11: 30-23: 00
Wednesday
  11: 30-23: 00
Thursday
  11: 30-02: 00
Friday
 closed
Saturday
  20: 45-02: 00",Fast food restaurant,6.7,False,False,True,True,https://www.facebook.com/409023472993853,https://www.instagram.com/giliz__/,http://giliz67.com,18,3,0.0,696,937,3,True,7520268
Tunisian Chen,03-9500111,"Moshe Becker 35, Rishon Lezion","Sunday
  07: 00-23: 00
Monday
  07: 00-23: 00
Tuesday
  07: 00-23: 00
Wednesday
  07: 00-23: 00
Thursday
  07: 00-23: 00
Friday
 closed
Saturday
 closed",A Tunisian restaurant,6.7,False,False,True,False,https://www.facebook.com,https://www.instagram.com,https://www.google.com,12,2,0.0,472,545,3,False,7535940
Yemeni soups,03-6203605,"Yosef Klausner 5, Rishon Lezion","Sunday
  09: 00-18: 00
Monday
  09: 00-18: 00
Tuesday
  09: 00-18: 00
Wednesday
  09: 00-18: 00
Thursday
  09: 00-18: 00
Friday
  09: 00-14: 30
Saturday
 closed",Markia,7.6,True,False,False,False,https://www.facebook.com/624316617619463,https://www.instagram.com,http://yemeni-food.info,21,1,0.0,327,287,9,False,7535396
Squared falafel,03-9666736,"Rothschild 85, Rishon Lezion","Sunday
  09: 30-22: 00
Monday
  09: 30-22: 00
Tuesday
  09: 30-22: 00
Wednesday
  09: 30-22: 00
Thursday
  09: 30-22: 00
Friday
  09: 30-15: 00
Saturday
 closed",Falafel Network,7.6,True,False,True,False,https://www.facebook.com/186734364696710,https://www.instagram.com,http://falafelbaribua.co.il,23,5,0.0,302,1024,6,False,7520447
Sushi origami,03-5735140,"Moshe Becker 9, Rishon Lezion","Sunday
  16: 00-23: 00
Monday
  16: 00-23: 00
Tuesday
  16: 00-23: 00
Wednesday
  16: 00-23: 00
Thursday
  16: 00-23: 00
Friday
  12: 00-23: 00
Saturday
  12: 00-23: 00",Sushi,8.2,False,False,True,False,https://www.facebook.com/107402342940932,https://www.instagram.com,http://origamisushi.co.il,15,7,0.0,816,1158,6,False,7535915
Sudokh,03-7446568,"22 HaMaccabim Road, Rishon Lezion","Sunday
  09: 00-05: 00
Monday
  09: 00-05: 00
Tuesday
  09: 00-05: 00
Wednesday
  09: 00-05: 00
Thursday
  09: 00-05: 30
Friday
  09: 00-15: 00
Saturday
  21: 15-05: 00",Sausage toast net,9.7,True,False,True,False,https://www.facebook.com/406697619772625,https://www.instagram.com,http://suduch.co.il,6,1,0.0,1254,508,0,False,7535963
Gumba,*6508,"Lazrov 23, Rishon Lezion","Sunday
  12: 00-23: 30
Monday
  12: 00-23: 30
Tuesday
  12: 00-23: 30
Wednesday
  12: 00-23: 30
Thursday
  12: 00-23: 30
Friday
  12: 00-23: 30
Saturday
  12: 00-23: 30",A chain of Italian restaurants,9.8,True,False,True,False,https://www.facebook.com/312540412271961,https://www.instagram.com,http://goomba.co.il,99,13,0.0,1737,7319,31,False,7565430
Mushon skewers,054-5397744,"Weizmann, Ness Ziona","Sunday
  12: 00-22: 00
Monday
  12: 00-22: 00
Tuesday
  12: 00-22: 00
Wednesday
  12: 00-22: 00
Thursday
  12: 00-22: 00
Friday
 closed
Saturday
 closed",Grill bar,7.6,False,False,True,True,https://www.facebook.com/754693458199548,https://www.instagram.com,https://www.google.com,11,2,0.0,247,476,4,False,6070631
Air,03-9563216,"Moshe Becker 15, Rishon Lezion","Sunday
  12:00 - until last customer
Monday
  12:00 - until last customer
Tuesday
  12:00 - until last customer
Wednesday
  12:00 - until last customer
Thursday
  12:00 - until last customer
Friday
  12:00 - until last customer
Saturday
  12:00 - until last customer",A steakhouse,7.9,True,True,True,True,https://www.facebook.com/133020683419092,https://www.instagram.com/loftmeat/,http://loft.co.il,55,23,4.0,1412,4,14,False,7535921
Sheikh chickpeas,052-3130525,"Yosef Lishansky 5, Rishon Lezion","Sunday
  10: 00-16: 00
Monday
  10: 00-16: 00
Tuesday
  10: 00-16: 00
Wednesday
  10: 00-16: 00
Thursday
  10: 00-16: 00
Friday
  09: 00-15: 00
Saturday
 closed",Hummus,9.6,True,False,True,True,https://www.facebook.com/157740870950600,https://www.instagram.com,http://shaykale.co.il,78,9,0.0,740,1392,25,False,7565020
Pizza Don Papa,03-9444666,"Yona Zvi Feinstein 25, Rishon Lezion","Sunday
  11: 00-23: 30
Monday
  11: 00-23: 30
Tuesday
  11: 00-23: 30
Wednesday
  11: 00-23: 30
Thursday
  11: 00-23: 30
Friday
 closed
Saturday
  20: 15-23: 30",Pizzeria,8.8,False,False,True,True,https://www.facebook.com/162078664470720,https://www.instagram.com/Pizza_donpapa/,http://donpapa.co.il,9,1,0.0,681,187,6,True,7546912
Borax film,050-5557155,"PICA 18, Rishon Lezion","Sunday
  07: 30-23: 00
Monday
  07: 30-23: 00
Tuesday
  07: 30-23: 00
Wednesday
  07: 30-23: 00
Thursday
  07: 30-23: 00
Friday
  07: 30-14: 00
Saturday
 closed",Boraxia,9.1,False,False,True,True,https://www.facebook.com,https://www.instagram.com,https://www.google.com,7,0,0.0,157,11,0,False,7566118
Almost free pizza first,03-9444480,"Rothschild 121, Rishon Lezion","Sunday
  09: 30-24: 00
Monday
  09: 30-24: 00
Tuesday
  09: 30-24: 00
Wednesday
  09: 30-24: 00
Thursday
  09: 30-24: 00
Friday
  09: 00-15: 00
Saturday
  20: 15-01: 00",Pizzeria,9.3,True,False,True,True,https://www.facebook.com/1811269339116563,https://www.instagram.com,http://pizzarishonlezion.d-pizza.co.il,60,9,0.0,463,629,40,False,75236
Tingus,03-5222550,"David Sakharov 26, Rishon Lezion","Sunday
  12: 00-02: 00
Monday
  12: 00-02: 00
Tuesday
  12: 00-02: 00
Wednesday
  12: 00-02: 00
Thursday
  12: 00-02: 00
Friday
 closed
Saturday
  17: 00-01: 00",Hamburgeria,7.2,False,False,True,False,https://www.facebook.com/tingosburger,https://www.instagram.com,http://www.mishloha.co.il/r/d798d799d7a0d792d795d7a120d7a8d790d7a9d795d79f20d79cd7a6d799d795d79f?gc,84,18,1.0,1880,1,35,False,7570733
Tokopia,08-9389333,"Yishparo Center, Ness Ziona","Sunday
  12: 00-24: 00
Monday
  12: 00-24: 00
Tuesday
  12: 00-24: 00
Wednesday
  12: 00-24: 00
Thursday
  12: 00-24: 00
Friday
  12: 00-14: 00
Saturday
  20: 30-24: 00",Restaurant,9.0,True,True,True,True,https://www.facebook.com/165041176868747,https://www.instagram.com/tokopaya/,http://tokopaya.co.il,28,3,0.0,1055,2635,12,False,7404728
Pizzeria della Nona,03-5532332,"Bialik 13, Rishon Lezion","Sunday
  10: 00-23: 00
Monday
  10: 00-23: 00
Tuesday
  10: 00-23: 00
Wednesday
  10: 00-23: 00
Thursday
  10: 00-23: 00
Friday
  10: 00-13: 30
Saturday
  18: 30-23: 00",Pizzeria,8.5,False,False,True,False,https://www.facebook.com/102087701182615,https://www.instagram.com/pizzeria_della.nonna/,https://www.google.com,27,1,0.0,237,232,14,True,7526824
Nosh,03-5361234,"Jabotinsky 16, Rishon Lezion (Lev Rishon LeZion Mall)","Sunday
  15: 00-04: 00
Monday
  15: 00-04: 00
Tuesday
  15: 00-04: 00
Wednesday
  15: 00-04: 00
Thursday
  15: 00-04: 00
Friday
 closed
Saturday
  20: 00-04: 00",Pizzeria,7.9,True,False,True,True,https://www.facebook.com/104204245000131,https://www.instagram.com/papeopizza/,http://apple.co/3f2pbxf,46,10,0.0,1504,359,23,True,7522903
Anna,03-9509077,"Derech HaMaccabim 16, Rishon Lezion","Sunday
 closed
Monday
  13: 00-20: 00
Tuesday
  13: 00-20: 00
Wednesday
  13: 00-20: 00
Thursday
  01: 00-20: 00
Friday
  20: 00-02: 00
Saturday
  11: 45-17: 30",Restaurant,7.2,True,False,False,False,https://www.facebook.com/259148830904358,https://www.instagram.com,http://rest-anna.co.il,0,0,0.0,295,1042,0,False,7535957
The garage,03-6499600,"Rishonim Rose Garden Junction, Rishon Lezion area","Sunday
  12: 00-01: 30
Monday
  12: 00-01: 30
Tuesday
  12: 00-01: 30
Wednesday
  12: 00-01: 30
Thursday
  12: 00-03: 00
Friday
  12: 00-04: 00
Saturday
  12: 00-02: 00",Hamburgeria,6.6,False,False,True,False,https://www.facebook.com/1410615085843303,https://www.instagram.com,http://garageburger.co.il,79,30,5.0,2045,5,18,False,6070631
Izzo and Bijou,08-9480364,"The Chisel 1, Ness Ziona","Sunday
  11: 00-17: 00
Monday
  11: 00-17: 00
Tuesday
  11: 00-17: 00
Wednesday
  11: 00-17: 00
Thursday
  11: 00-17: 00
Friday
 closed
Saturday
 closed",A steakhouse,8.2,True,False,True,True,https://www.facebook.com/1658491497604827,https://www.instagram.com/ejovebjo/,https://www.google.com,22,0,1.0,580,1,4,False,7404735
Avi Kebab,053-2385794,"Ghetto Uprising 55, Rishon Lezion","Sunday
  11: 30-17: 00
Monday
  11: 30-22: 30
Tuesday
  11: 30-22: 30
Wednesday
  11: 30-22: 30
Thursday
  09: 00-17: 00
Friday
 closed
Saturday
  09: 00-17: 00",A steakhouse,7.4,True,False,False,True,https://www.facebook.com/2363489497064726,https://www.instagram.com,https://www.google.com,6,2,0.0,405,279,3,True,7553620
King David Burger,03-8007070,"Jabotinsky 16, Rishon Lezion (Lev Rishon LeZion Mall)","Sunday
  11: 00-00: 30
Monday
  11: 00-00: 30
Tuesday
  11: 00-00: 30
Wednesday
  11: 00-00: 30
Thursday
  11: 00-01: 00
Friday
  11: 00-17: 45
Saturday
  18: 45-01: 00",Hamburgeria,7.8,False,False,True,True,https://www.facebook.com/280267205360943,https://www.instagram.com/kingdavidburger/,https://www.google.com,62,10,2.0,1482,2,25,True,7522903
Paula Latin flavors,053-6337063,"Herzl 47, Rishon Lezion","Sunday
  12:00 - until last customer
Monday
  12:00 - until last customer
Tuesday
  12:00 - until last customer
Wednesday
  12:00 - until last customer
Thursday
  12:00 - until last customer
Friday
  10: 00-15: 00
Saturday
 closed",Fast food restaurant,8.6,False,False,True,True,https://www.facebook.com/paula.latino.israel,https://www.instagram.com/Paula_delicias_latinas/,http://pauladeliciaslatinas.com,14,0,0.0,362,132,0,True,7529003
Pow wow,03-9797805,"Rothschild 62, Rishon Lezion","Sunday
  17: 00-02: 00
Monday
  17: 00-02: 00
Tuesday
  17: 00-02: 00
Wednesday
  17: 00-02: 00
Thursday
  17: 00-02: 00
Friday
  11: 30-02: 00
Saturday
  20: 30-23: 00",Restaurant bar,8.5,False,True,True,False,https://www.facebook.com/687290904691758,https://www.instagram.com,http://pow-wow.co.il,40,11,1.0,1641,1,7,False,7526917
Jango,03-6224747,"Moshe Becker 11, Rishon Lezion","Sunday
  12: 00-24: 00
Monday
  12: 00-24: 00
Tuesday
  12: 00-24: 00
Wednesday
  12: 00-24: 00
Thursday
  12: 00-24: 00
Friday
  12: 00-24: 00
Saturday
  12: 00-24: 00",Hamburgeria,7.4,True,True,True,True,https://www.facebook.com/109486960665381,https://www.instagram.com/jango.loves.you/,http://www.the-jango.com,15,1,2.0,947,2,4,False,7535917
Crazy with,03-5568777,"Braszewski 3, Rishon Lezion","Sunday
  11: 00-03: 00
Monday
  11: 00-03: 00
Tuesday
  11: 00-03: 00
Wednesday
  11: 00-03: 00
Thursday
  11: 00-04: 30
Friday
 closed
Saturday
  18: 30-03: 00",Sandwich Bar chain,9.8,True,False,True,False,https://www.facebook.com/1839347796289582,https://www.instagram.com,http://crazymeat.co.il,22,6,0.0,699,532,6,False,7536370
At Tamar's,054-2003225,Rishon Lezion,"Sunday
  07: 00-23: 00
Monday
  07: 00-23: 00
Tuesday
  07: 00-23: 00
Wednesday
  07: 00-23: 00
Thursday
  07: 00-23: 00
Friday
 closed
Saturday
 closed",Culinary hospitality,6.7,False,False,False,True,https://www.facebook.com/cheftamar,https://www.instagram.com/Etzel_tamar/,http://etzeltamar.wixsite.com/etzel-tamar,0,0,0.0,197,17,0,False,75359
Papa Jones,*6699,"Moshe Becker 14, Rishon Lezion","Sunday
  12: 00-23: 00
Monday
  12: 00-23: 00
Tuesday
  12: 00-23: 00
Wednesday
  12: 00-23: 00
Thursday
  12: 00-23: 00
Friday
  11: 00-16: 45
Saturday
  21: 15-23: 30",Pizza chain,9.8,True,False,True,False,https://www.facebook.com/1518833595081898,https://www.instagram.com,http://papajohns.co.il,9,0,2.0,434,2,5,False,7535920
Re Bar,08-6724639,"Ofer Kenyoter, Ness Ziona","Sunday
  08: 30-21: 00
Monday
  08: 30-21: 00
Tuesday
  08: 30-21: 00
Wednesday
  08: 30-21: 00
Thursday
  08: 30-21: 00
Friday
  10: 00-13: 30
Saturday
 closed",Juice bar chain,8.2,True,False,True,False,https://www.facebook.com/29484198504,https://www.instagram.com,http://rebar.co.il,0,0,0.0,101,138,0,False,7406602
Roll Street Bar,074-7599452,"Diamond 3, Beer Yaakov","Sunday
  12: 00-23: 00
Monday
  12: 00-23: 00
Tuesday
  12: 00-23: 00
Wednesday
  12: 00-23: 00
Thursday
  12: 00-23: 00
Friday
  11: 00-16: 45
Saturday
  21: 15-23: 30",Roll bar,9.9,False,False,True,True,https://www.facebook.com,https://www.instagram.com,https://www.google.com,19,3,0.0,642,302,7,True,6070631
Jaja,077-9386330,"Rothschild 86, Rishon Lezion","Sunday
  11: 45-24: 00
Monday
  11: 45-24: 00
Tuesday
  11: 45-24: 00
Wednesday
  11: 45-24: 00
Thursday
  11: 45-24: 00
Friday
  12: 00-22: 00
Saturday
  12: 00-24: 00",Restaurant bar,8.7,False,True,True,True,https://www.facebook.com/766029270080872,https://www.instagram.com/Jaja_bar_rlz/,http://jaja.co.il,17,5,0.0,2134,1266,6,False,7522315
Wakma Restaurant,0795555471,"Rothschild 45, Rishon Lezion (G Rothschild)","Sunday
  12: 00-22: 45
Monday
  12: 00-22: 45
Tuesday
  12: 00-22: 45
Wednesday
  12: 00-22: 45
Thursday
  12: 00-22: 45
Friday
  11: 30-15: 30
Saturday
  19: 00-23: 00",Asian restaurant,9.0,True,False,True,True,https://www.facebook.com/wakamefood,https://www.instagram.com/wakamefood/,http://www.wakame.co.il,31,9,0.0,614,860,8,False,7526642
Sorrento,03-6543207,"Braszewski 8, Rishon Lezion","Sunday
  12: 00-23: 00
Monday
  12: 00-23: 00
Tuesday
  12: 00-23: 00
Wednesday
  12: 00-23: 00
Thursday
  12: 00-23: 30
Friday
 closed
Saturday
  18: 30-23: 00",Italian restaurant,8.2,False,True,True,True,https://www.facebook.com/671282829625993,https://www.instagram.com,http://sorento.rest.co.il,23,9,0.0,2104,1906,8,False,7536375
King Solomon's skewers,050-9504727,"Rabbi Uziel 34, Beer Yaakov","Sunday
  10: 00-24: 00
Monday
  10: 00-24: 00
Tuesday
  10: 00-24: 00
Wednesday
  10: 00-24: 00
Thursday
  10: 00-24: 00
Friday
 closed
Saturday
 closed",Grill bar,9.9,True,False,False,True,https://www.facebook.com/111927476850722,https://www.instagram.com,https://www.google.com,16,2,0.0,390,30,5,False,70300
Pizza Fargo,08-9401292,"Weizmann 24, Ness Ziona","Sunday
  10: 30-23: 15
Monday
  10: 30-23: 15
Tuesday
  10: 30-23: 15
Wednesday
  10: 30-23: 15
Thursday
  10: 30-23: 15
Friday
  10: 15-14: 45
Saturday
  20: 15-23: 15",Pizza chain,7.7,True,False,True,True,https://www.facebook.com/161226910562697,https://www.instagram.com,http://prego.co.il,16,2,0.0,490,227,10,False,7408004
The white stork,03-9508021,"Tulipman 7, Rishon Lezion","Sunday
 closed
Monday
  12: 00-20: 00
Tuesday
  12: 00-20: 00
Wednesday
  12: 00-20: 00
Thursday
  12: 00-20: 00
Friday
  12: 00-01: 00
Saturday
  12: 00-20: 00",European restaurant,9.7,False,False,True,False,https://www.facebook.com/740773782633831,https://www.instagram.com,http://youtu.be,0,0,0.0,177,549,0,False,6070631
Shawarma Herzl 2,03-5223827,"Moshe Levy 7, Rishon Lezion","Sunday
  11: 00-24: 00
Monday
  11: 00-24: 00
Tuesday
  11: 00-24: 00
Wednesday
  11: 00-24: 00
Thursday
  11: 00-24: 00
Friday
 closed
Saturday
  21: 15-24: 00",Shawarma net,6.9,True,False,False,False,https://www.facebook.com/192361270780833,https://www.instagram.com,http://herzl2.co.il,60,5,0.0,2281,833,31,False,7565821
Vineyards Grill Bar,03-9508885,"Winery 12, Rishon Lezion","Sunday
  10: 00-19: 00
Monday
  10: 00-19: 00
Tuesday
  10: 00-19: 00
Wednesday
  10: 00-19: 00
Thursday
  10: 00-19: 00
Friday
 closed
Saturday
 closed",Fast food restaurant,8.6,False,False,False,False,https://www.facebook.com,https://www.instagram.com,https://www.google.com,0,0,0.0,116,121,0,False,7549718
The square skewers are kosher,03-9464949,"Sderot Yaakov 2, Rishon Lezion","Sunday
  10: 00-22: 00
Monday
  10: 00-22: 00
Tuesday
  10: 00-22: 00
Wednesday
  10: 00-22: 00
Thursday
  10: 00-22: 00
Friday
  11: 00-16: 45
Saturday
  21: 15-22: 30",Grill bar,7.7,False,False,False,True,https://www.facebook.com,https://www.instagram.com,https://www.google.com,10,2,0.0,944,697,3,False,7550501
Global schnitzel,03-9090663,"King Solomon 2, Rishon Lezion","Sunday
  11: 00-22: 00
Monday
  11: 00-22: 00
Tuesday
  11: 00-22: 00
Wednesday
  11: 00-22: 00
Thursday
  11: 00-22: 00
Friday
 closed
Saturday
 closed",Fast food restaurant,8.4,True,False,True,True,https://www.facebook.com,https://www.instagram.com,https://www.google.com,3,2,0.0,140,166,0,False,7560302
The grocery store,03-5272395,"The army, planted","Sunday
  12: 00-23: 00
Monday
  12: 00-23: 00
Tuesday
  12: 00-23: 00
Wednesday
  12: 00-23: 00
Thursday
  12: 00-23: 00
Friday
  11: 00-16: 45
Saturday
  21: 15-23: 30",sandwich bar,6.9,False,False,False,True,https://www.facebook.com/2385137635091834,https://www.instagram.com,https://www.google.com,12,2,0.0,279,20,0,False,6070631
Pokey Bar,03-9635933,"Eliezer Mazal 13, Rishon Lezion","Sunday
  10: 00-22: 00
Monday
  10: 00-22: 00
Tuesday
  10: 00-22: 00
Wednesday
  10: 00-22: 00
Thursday
  10: 00-22: 00
Friday
 closed
Saturday
 closed",Fast food restaurant,9.7,True,False,True,True,https://www.facebook.com/740979502908028,https://www.instagram.com,http://poke-bar.co.il,11,0,0.0,312,2914,0,False,7565327
New Bucket,077-9386338,"Golda Meir 1, Rishon Lezion","Sunday
  11: 00-22: 30
Monday
  11: 00-22: 30
Tuesday
  11: 00-22: 30
Wednesday
  11: 00-22: 30
Thursday
  11: 00-22: 30
Friday
 closed
Saturday
 closed",Sandwich Bar chain,8.9,False,False,True,False,https://www.facebook.com/1523329484554652,https://www.instagram.com,http://new-deli.co.il,0,0,0.0,240,267,0,False,7572001
Giraffe Noodle Bar,03-9592400,"Cinema City Rishon LeZion, Rishon Lezion","Sunday
  12: 00-23: 00
Monday
  12: 00-23: 00
Tuesday
  12: 00-23: 00
Wednesday
  12: 00-23: 00
Thursday
  12: 00-23: 00
Friday
  12: 00-23: 00
Saturday
  12: 00-23: 00",A chain of Asian restaurants,9.6,True,True,True,False,https://www.facebook.com/174669469923070,https://www.instagram.com,http://giraffe.co.il,46,10,1.0,1171,1,15,False,7532504
The heart of the baguette,03-9691376,"Rothschild 28, Rishon Lezion","Sunday
  09: 30-21: 00
Monday
  09: 30-21: 00
Tuesday
  09: 30-21: 00
Wednesday
  09: 00-23: 00
Thursday
  09: 30-21: 00
Friday
  09: 30-14: 00
Saturday
 closed",Fast food restaurant,6.9,True,False,True,False,https://www.facebook.com/782034958563973,https://www.instagram.com,http://levhabaget.co.il,9,0,0.0,172,73,0,True,7526715
The hot baguette,03-9664422,"Sderot Begin 4, Rishon Lezion","Sunday
  10: 00-20: 00
Monday
  10: 00-20: 00
Tuesday
  10: 00-20: 00
Wednesday
  10: 00-20: 00
Thursday
  10: 00-20: 00
Friday
  10: 30-18: 45
Saturday
 closed",Fast food restaurant,8.9,False,False,True,True,https://www.facebook.com/THE.HOT.BAGUETTE,https://www.instagram.com/Habaget_halohet/,http://habagethalohet.co.il,32,3,0.0,501,256,13,False,7521450
Noa's sushi,052-3234005,"Hanhalieli 13, Rishon Lezion","Sunday
 closed
Monday
  16: 00-21: 00
Tuesday
  16: 00-21: 00
Wednesday
  16: 00-21: 00
Thursday
  16: 00-21: 00
Friday
 closed
Saturday
 closed",Sushi,7.3,True,False,False,True,https://www.facebook.com/noasushiivent1,https://www.instagram.com,http://noashariv.co.il,0,0,0.0,246,101,0,False,7555026
The Canaanite,08-9400352,"Citrus 13, Ness Ziona","Sunday
  11: 00-15: 00
Monday
  11: 00-15: 00
Tuesday
  11: 00-15: 00
Wednesday
  11: 00-15: 00
Thursday
  11: 00-15: 00
Friday
  10: 00-15: 00
Saturday
 closed",Hummus,6.6,False,False,True,True,https://www.facebook.com/104401181099220,https://www.instagram.com/Ha.cnaani/,http://hummus.hacnaani.com,7,2,0.0,530,551,5,False,7403602
Ruth,08-9281141,"Ilan Ramon 4, Ness Ziona","Sunday
  17: 00-23: 00
Monday
  17: 00-23: 00
Tuesday
  17: 00-23: 00
Wednesday
  17: 00-23: 00
Thursday
  17: 00-23: 00
Friday
 closed
Saturday
 closed",A place to eat,8.6,False,False,True,False,https://www.facebook.com/119491718427531,https://www.instagram.com,http://ruth.rest.co.il,20,3,0.0,840,1649,0,True,6070631
Pita Besta,03-7502277,"Rothschild 71, Rishon Lezion","Sunday
  10: 45-until last customer
Monday
  10: 45-until last customer
Tuesday
  10: 45-until last customer
Wednesday
  10: 45-until last customer
Thursday
  10: 45-until last customer
Friday
  11: 00-15: 15
Saturday
  18:30-until last customer",Fast food chain,8.2,True,False,True,True,https://www.facebook.com/pitabasta,https://www.instagram.com/pitabasta_rlz/,http://pitabasta.com,6,1,0.0,373,445,0,False,7520270
Pizza first,03-9522890,"Sderot Zalman Shneur 16, Rishon Lezion","Sunday
  10: 00-24: 00
Monday
  10: 00-24: 00
Tuesday
  10: 00-24: 00
Wednesday
  10: 00-24: 00
Thursday
  10: 00-24: 00
Friday
 closed
Saturday
  20: 15-24: 00",Pizzeria,7.0,True,False,True,False,https://www.facebook.com/1604834926432028,https://www.instagram.com,http://pizzarishonim.co.il,13,0,0.0,576,166,6,False,7560807
Pizza USA,03-9669447,"Bernstein 3, Rishon Lezion","Sunday
  08: 00-23: 00
Monday
  08: 00-23: 00
Tuesday
  08: 00-23: 00
Wednesday
  08: 00-23: 00
Thursday
  08: 00-23: 00
Friday
  09: 00-14: 00
Saturday
  20: 15-23: 00",Pizzeria,7.2,False,False,True,True,https://www.facebook.com/162260303829603,https://www.instagram.com,http://pizzausa.co.il,21,7,0.0,506,656,4,False,7550303
Hummus Eliyahu,03-9615677,"Azrieli Mall Rishonim, Rishon Lezion","Sunday
  10: 30-21: 00
Monday
  10: 30-21: 00
Tuesday
  10: 30-21: 00
Wednesday
  10: 30-21: 00
Thursday
  10: 30-21: 00
Friday
  09: 30-14: 00
Saturday
 closed",A network of chickpeas,7.1,False,False,True,False,https://www.facebook.com/326910581073910,https://www.instagram.com,http://humus-eli-yahoo.com,15,3,0.0,287,476,6,False,6070631
Pizza Pepe,03-7443939,"Arieh Ben Eliezer 31, Rishon Lezion","Sunday
  11: 30-22: 30
Monday
  11: 30-22: 30
Tuesday
  11: 30-22: 30
Wednesday
  11: 30-22: 30
Thursday
  11: 30-22: 30
Friday
 closed
Saturday
 closed",Pizzeria,8.0,True,False,True,True,https://www.facebook.com/1093375407424863,https://www.instagram.com,http://pizza-papa.zapages.co.il,0,0,0.0,38,14,0,False,7522936
The falafel of Ramla,052-5407730,"Rothschild 47, Rishon Lezion","Sunday
  09: 30-20: 00
Monday
  09: 30-20: 00
Tuesday
  09: 30-20: 00
Wednesday
  09: 30-20: 00
Thursday
  09: 30-20: 00
Friday
  09: 30-14: 15
Saturday
 closed",Fast food restaurant,9.0,True,False,True,True,https://www.facebook.com/falafel.r.rishon,https://www.instagram.com/Falafel_ramla.rishon/,http://falafel_ramla.rishon,10,0,0.0,206,108,5,True,7526644
Jaja,077-9386330,"Rothschild 86, Rishon Lezion","Sunday
  11: 45-24: 00
Monday
  11: 45-24: 00
Tuesday
  11: 45-24: 00
Wednesday
  11: 45-24: 00
Thursday
  11: 45-24: 00
Friday
  12: 00-22: 00
Saturday
  12: 00-24: 00",Restaurant bar,8.6,False,True,True,True,https://www.facebook.com/766029270080872,https://www.instagram.com/Jaja_bar_rlz/,http://jaja.co.il,17,5,0.0,2134,1266,6,False,7522315
Wakma Restaurant,0795555471,"Rothschild 45, Rishon Lezion (G Rothschild)","Sunday
  12: 00-22: 45
Monday
  12: 00-22: 45
Tuesday
  12: 00-22: 45
Wednesday
  12: 00-22: 45
Thursday
  12: 00-22: 45
Friday
  11: 30-15: 30
Saturday
  19: 00-23: 00",Asian restaurant,7.7,False,False,True,True,https://www.facebook.com/wakamefood,https://www.instagram.com/wakamefood/,http://www.wakame.co.il,31,9,0.0,614,860,8,False,7526642
Sorrento,03-6543207,"Braszewski 8, Rishon Lezion","Sunday
  12: 00-23: 00
Monday
  12: 00-23: 00
Tuesday
  12: 00-23: 00
Wednesday
  12: 00-23: 00
Thursday
  12: 00-23: 30
Friday
 closed
Saturday
  18: 30-23: 00",Italian restaurant,8.2,True,True,True,True,https://www.facebook.com/671282829625993,https://www.instagram.com,http://sorento.rest.co.il,23,9,0.0,2104,1906,8,False,7536375
King Solomon's skewers,050-9504727,"Rabbi Uziel 34, Beer Yaakov","Sunday
  10: 00-24: 00
Monday
  10: 00-24: 00
Tuesday
  10: 00-24: 00
Wednesday
  10: 00-24: 00
Thursday
  10: 00-24: 00
Friday
 closed
Saturday
 closed",Grill bar,8.7,True,False,False,True,https://www.facebook.com/111927476850722,https://www.instagram.com,https://www.google.com,16,2,0.0,390,30,5,False,70300
Pizza Fargo,08-9401292,"Weizmann 24, Ness Ziona","Sunday
  10: 30-23: 15
Monday
  10: 30-23: 15
Tuesday
  10: 30-23: 15
Wednesday
  10: 30-23: 15
Thursday
  10: 30-23: 15
Friday
  10: 15-14: 45
Saturday
  20: 15-23: 15",Pizza chain,8.5,False,False,True,True,https://www.facebook.com/161226910562697,https://www.instagram.com,http://prego.co.il,16,2,0.0,490,227,10,False,7408004
The white stork,03-9508021,"Tulipman 7, Rishon Lezion","Sunday
 closed
Monday
  12: 00-20: 00
Tuesday
  12: 00-20: 00
Wednesday
  12: 00-20: 00
Thursday
  12: 00-20: 00
Friday
  12: 00-01: 00
Saturday
  12: 00-20: 00",European restaurant,8.0,True,False,True,False,https://www.facebook.com/740773782633831,https://www.instagram.com,http://youtu.be,0,0,0.0,177,549,0,False,6070631
Shawarma Herzl 2,03-5223827,"Moshe Levy 7, Rishon Lezion","Sunday
  11: 00-24: 00
Monday
  11: 00-24: 00
Tuesday
  11: 00-24: 00
Wednesday
  11: 00-24: 00
Thursday
  11: 00-24: 00
Friday
 closed
Saturday
  21: 15-24: 00",Shawarma net,9.3,False,False,False,False,https://www.facebook.com/192361270780833,https://www.instagram.com,http://herzl2.co.il,60,5,0.0,2281,833,31,False,7565821
Vineyards Grill Bar,03-9508885,"Winery 12, Rishon Lezion","Sunday
  10: 00-19: 00
Monday
  10: 00-19: 00
Tuesday
  10: 00-19: 00
Wednesday
  10: 00-19: 00
Thursday
  10: 00-19: 00
Friday
 closed
Saturday
 closed",Fast food restaurant,6.8,True,False,False,False,https://www.facebook.com,https://www.instagram.com,https://www.google.com,0,0,0.0,116,121,0,False,7549718
The square skewers are kosher,03-9464949,"Sderot Yaakov 2, Rishon Lezion","Sunday
  11: 00-20: 00
Monday
  11: 00-20: 00
Tuesday
  11: 00-20: 00
Wednesday
  11: 00-20: 00
Thursday
  11: 00-20: 00
Friday
 closed
Saturday
 closed",Grill bar,8.0,False,False,False,True,https://www.facebook.com,https://www.instagram.com,https://www.google.com,10,2,0.0,944,697,3,False,7550501
Global schnitzel,03-9090663,"King Solomon 2, Rishon Lezion","Sunday
  11: 00-22: 00
Monday
  11: 00-22: 00
Tuesday
  11: 00-22: 00
Wednesday
  11: 00-22: 00
Thursday
  11: 00-22: 00
Friday
 closed
Saturday
 closed",Fast food restaurant,7.9,False,False,True,True,https://www.facebook.com,https://www.instagram.com,https://www.google.com,3,2,0.0,140,166,0,False,7560302
The grocery store,03-5272395,"The army, planted","Sunday
  06: 00-17: 00
Monday
  06: 00-19: 00
Tuesday
  06: 00-19: 00
Wednesday
  06: 00-19: 00
Thursday
  06: 00-19: 00
Friday
  06: 00-14: 00
Saturday
 closed",sandwich bar,7.0,True,False,False,True,https://www.facebook.com/2385137635091834,https://www.instagram.com,https://www.google.com,12,2,0.0,279,20,0,False,6070631
Pokey Bar,03-9635933,"Eliezer Mazal 13, Rishon Lezion","Sunday
  10: 00-22: 00
Monday
  10: 00-22: 00
Tuesday
  10: 00-22: 00
Wednesday
  10: 00-22: 00
Thursday
  10: 00-22: 00
Friday
 closed
Saturday
 closed",Fast food restaurant,6.5,False,False,True,True,https://www.facebook.com/740979502908028,https://www.instagram.com,http://poke-bar.co.il,11,0,0.0,312,2914,0,False,7565327
New Bucket,077-9386338,"Golda Meir 1, Rishon Lezion","Sunday
  11: 00-22: 30
Monday
  11: 00-22: 30
Tuesday
  11: 00-22: 30
Wednesday
  11: 00-22: 30
Thursday
  11: 00-22: 30
Friday
 closed
Saturday
 closed",Sandwich Bar chain,7.7,True,False,True,False,https://www.facebook.com/1523329484554652,https://www.instagram.com,http://new-deli.co.il,0,0,0.0,240,267,0,False,7572001
Giraffe Noodle Bar,03-9592400,"Cinema City Rishon LeZion, Rishon Lezion","Sunday
  12: 00-23: 00
Monday
  12: 00-23: 00
Tuesday
  12: 00-23: 00
Wednesday
  12: 00-23: 00
Thursday
  12: 00-23: 00
Friday
  12: 00-23: 00
Saturday
  12: 00-23: 00",A chain of Asian restaurants,8.1,False,True,True,False,https://www.facebook.com/174669469923070,https://www.instagram.com,http://giraffe.co.il,46,10,1.0,1171,1,15,False,7532504
The heart of the baguette,03-9691376,"Rothschild 28, Rishon Lezion","Sunday
  09: 30-21: 00
Monday
  09: 30-21: 00
Tuesday
  09: 30-21: 00
Wednesday
  09: 00-23: 00
Thursday
  09: 30-21: 00
Friday
  09: 30-14: 00
Saturday
 closed",Fast food restaurant,8.2,False,False,True,False,https://www.facebook.com/782034958563973,https://www.instagram.com,http://levhabaget.co.il,9,0,0.0,172,73,0,True,7526715
The hot baguette,03-9664422,"Sderot Begin 4, Rishon Lezion","Sunday
  10: 00-20: 00
Monday
  10: 00-20: 00
Tuesday
  10: 00-20: 00
Wednesday
  10: 00-20: 00
Thursday
  10: 00-20: 00
Friday
  10: 30-18: 45
Saturday
 closed",Fast food restaurant,8.7,False,False,True,True,https://www.facebook.com/THE.HOT.BAGUETTE,https://www.instagram.com/Habaget_halohet/,http://habagethalohet.co.il,32,3,0.0,501,256,13,False,7521450
Noa's sushi,052-3234005,"Hanhalieli 13, Rishon Lezion","Sunday
 closed
Monday
  16: 00-21: 00
Tuesday
  16: 00-21: 00
Wednesday
  16: 00-21: 00
Thursday
  16: 00-21: 00
Friday
 closed
Saturday
 closed",Sushi,9.0,True,False,False,True,https://www.facebook.com/noasushiivent1,https://www.instagram.com,http://noashariv.co.il,0,0,0.0,246,101,0,False,7555026
The Canaanite,08-9400352,"Citrus 13, Ness Ziona","Sunday
  11: 00-15: 00
Monday
  11: 00-15: 00
Tuesday
  11: 00-15: 00
Wednesday
  11: 00-15: 00
Thursday
  11: 00-15: 00
Friday
  10: 00-15: 00
Saturday
 closed",Hummus,7.8,True,False,True,True,https://www.facebook.com/104401181099220,https://www.instagram.com/Ha.cnaani/,http://hummus.hacnaani.com,7,2,0.0,530,551,5,False,7403602
Ruth,08-9281141,"Ilan Ramon 4, Ness Ziona","Sunday
  17: 00-23: 00
Monday
  17: 00-23: 00
Tuesday
  17: 00-23: 00
Wednesday
  17: 00-23: 00
Thursday
  17: 00-23: 00
Friday
 closed
Saturday
 closed",A place to eat,7.6,True,False,True,False,https://www.facebook.com/119491718427531,https://www.instagram.com,http://ruth.rest.co.il,20,3,0.0,840,1649,0,True,6070631
Pita Besta,03-7502277,"Rothschild 71, Rishon Lezion","Sunday
  10: 45-until last customer
Monday
  10: 45-until last customer
Tuesday
  10: 45-until last customer
Wednesday
  10: 45-until last customer
Thursday
  10: 45-until last customer
Friday
  11: 00-15: 15
Saturday
  18:30-until last customer",Fast food chain,6.9,False,False,True,True,https://www.facebook.com/pitabasta,https://www.instagram.com/pitabasta_rlz/,http://pitabasta.com,6,1,0.0,373,445,0,False,7520270
Pizza first,03-9522890,"Sderot Zalman Shneur 16, Rishon Lezion","Sunday
  10: 00-24: 00
Monday
  10: 00-24: 00
Tuesday
  10: 00-24: 00
Wednesday
  10: 00-24: 00
Thursday
  10: 00-24: 00
Friday
 closed
Saturday
  20: 15-24: 00",Pizzeria,7.2,True,False,True,False,https://www.facebook.com/1604834926432028,https://www.instagram.com,http://pizzarishonim.co.il,13,0,0.0,576,166,6,False,7560807
Pizza USA,03-9669447,"Bernstein 3, Rishon Lezion","Sunday
  08: 00-23: 00
Monday
  08: 00-23: 00
Tuesday
  08: 00-23: 00
Wednesday
  08: 00-23: 00
Thursday
  08: 00-23: 00
Friday
  09: 00-14: 00
Saturday
  20: 15-23: 00",Pizzeria,7.7,False,False,True,True,https://www.facebook.com/162260303829603,https://www.instagram.com,http://pizzausa.co.il,21,7,0.0,506,656,4,False,7550303
Hummus Eliyahu,03-9615677,"Azrieli Mall Rishonim, Rishon Lezion","Sunday
  10: 30-21: 00
Monday
  10: 30-21: 00
Tuesday
  10: 30-21: 00
Wednesday
  10: 30-21: 00
Thursday
  10: 30-21: 00
Friday
  09: 30-14: 00
Saturday
 closed",A network of chickpeas,8.9,True,False,True,False,https://www.facebook.com/326910581073910,https://www.instagram.com,http://humus-eli-yahoo.com,15,3,0.0,287,476,6,False,6070631
Pizza Pepe,03-7443939,"Arieh Ben Eliezer 31, Rishon Lezion","Sunday
  11: 30-22: 30
Monday
  11: 30-22: 30
Tuesday
  11: 30-22: 30
Wednesday
  11: 30-22: 30
Thursday
  11: 30-22: 30
Friday
 closed
Saturday
 closed",Pizzeria,9.1,True,False,True,True,https://www.facebook.com/1093375407424863,https://www.instagram.com,http://pizza-papa.zapages.co.il,0,0,0.0,38,14,0,False,7522936
The falafel of Ramla,052-5407730,"Rothschild 47, Rishon Lezion","Sunday
  09: 30-20: 00
Monday
  09: 30-20: 00
Tuesday
  09: 30-20: 00
Wednesday
  09: 30-20: 00
Thursday
  09: 30-20: 00
Friday
  09: 30-14: 15
Saturday
 closed",Fast food restaurant,9.5,True,False,True,True,https://www.facebook.com/falafel.r.rishon,https://www.instagram.com/Falafel_ramla.rishon/,http://falafel_ramla.rishon,10,0,0.0,206,108,5,True,7526644
Wakma Restaurant,0795555471,"Rothschild 45, Rishon Lezion (G Rothschild)","Sunday
  12: 00-22: 45
Monday
  12: 00-22: 45
Tuesday
  12: 00-22: 45
Wednesday
  12: 00-22: 45
Thursday
  12: 00-22: 45
Friday
  11: 30-15: 30
Saturday
  19: 00-23: 00",Asian restaurant,7.3,False,False,True,True,https://www.facebook.com/wakamefood,https://www.instagram.com/wakamefood/,http://www.wakame.co.il,31,9,0.0,614,860,8,False,7526642
Sorrento,03-6543207,"Braszewski 8, Rishon Lezion","Sunday
  12: 00-23: 00
Monday
  12: 00-23: 00
Tuesday
  12: 00-23: 00
Wednesday
  12: 00-23: 00
Thursday
  12: 00-23: 30
Friday
 closed
Saturday
  18: 30-23: 00",Italian restaurant,8.0,False,True,True,True,https://www.facebook.com/671282829625993,https://www.instagram.com,http://sorento.rest.co.il,23,9,0.0,2104,1906,8,False,7536375
King Solomon's skewers,050-9504727,"Rabbi Uziel 34, Beer Yaakov","Sunday
  10: 00-24: 00
Monday
  10: 00-24: 00
Tuesday
  10: 00-24: 00
Wednesday
  10: 00-24: 00
Thursday
  10: 00-24: 00
Friday
 closed
Saturday
 closed",Grill bar,9.0,False,False,False,True,https://www.facebook.com/111927476850722,https://www.instagram.com,https://www.google.com,16,2,0.0,390,30,5,False,70300
Pizza Fargo,08-9401292,"Weizmann 24, Ness Ziona","Sunday
  10: 30-23: 15
Monday
  10: 30-23: 15
Tuesday
  10: 30-23: 15
Wednesday
  10: 30-23: 15
Thursday
  10: 30-23: 15
Friday
  10: 15-14: 45
Saturday
  20: 15-23: 15",Pizza chain,9.5,False,False,True,True,https://www.facebook.com/161226910562697,https://www.instagram.com,http://prego.co.il,16,2,0.0,490,227,10,False,7408004
The white stork,03-9508021,"Tulipman 7, Rishon Lezion","Sunday
 closed
Monday
  12: 00-20: 00
Tuesday
  12: 00-20: 00
Wednesday
  12: 00-20: 00
Thursday
  12: 00-20: 00
Friday
  12: 00-01: 00
Saturday
  12: 00-20: 00",European restaurant,6.5,False,False,True,False,https://www.facebook.com/740773782633831,https://www.instagram.com,http://youtu.be,0,0,0.0,177,549,0,False,6070631
Shawarma Herzl 2,03-5223827,"Moshe Levy 7, Rishon Lezion","Sunday
  11: 00-24: 00
Monday
  11: 00-24: 00
Tuesday
  11: 00-24: 00
Wednesday
  11: 00-24: 00
Thursday
  11: 00-24: 00
Friday
 closed
Saturday
  21: 15-24: 00",Shawarma net,9.3,True,False,False,False,https://www.facebook.com/192361270780833,https://www.instagram.com,http://herzl2.co.il,60,5,0.0,2281,833,31,False,7565821
Vineyards Grill Bar,03-9508885,"Winery 12, Rishon Lezion","Sunday
  10: 00-19: 00
Monday
  10: 00-19: 00
Tuesday
  10: 00-19: 00
Wednesday
  10: 00-19: 00
Thursday
  10: 00-19: 00
Friday
 closed
Saturday
 closed",Fast food restaurant,6.6,False,False,False,False,https://www.facebook.com,https://www.instagram.com,https://www.google.com,0,0,0.0,116,121,0,False,7549718
The square skewers are kosher,03-9464949,"Sderot Yaakov 2, Rishon Lezion","Sunday
  11: 00-20: 00
Monday
  11: 00-20: 00
Tuesday
  11: 00-20: 00
Wednesday
  11: 00-20: 00
Thursday
  11: 00-20: 00
Friday
 closed
Saturday
 closed",Grill bar,9.5,False,False,False,True,https://www.facebook.com,https://www.instagram.com,https://www.google.com,10,2,0.0,944,697,3,False,7550501
Global schnitzel,03-9090663,"King Solomon 2, Rishon Lezion","Sunday
  11: 00-22: 00
Monday
  11: 00-22: 00
Tuesday
  11: 00-22: 00
Wednesday
  11: 00-22: 00
Thursday
  11: 00-22: 00
Friday
 closed
Saturday
 closed",Fast food restaurant,7.8,True,False,True,True,https://www.facebook.com,https://www.instagram.com,https://www.google.com,3,2,0.0,140,166,0,False,7560302
The grocery store,03-5272395,"The army, planted","Sunday
  06: 00-17: 00
Monday
  06: 00-19: 00
Tuesday
  06: 00-19: 00
Wednesday
  06: 00-19: 00
Thursday
  06: 00-19: 00
Friday
  06: 00-14: 00
Saturday
 closed",sandwich bar,6.6,False,False,False,True,https://www.facebook.com/2385137635091834,https://www.instagram.com,https://www.google.com,12,2,0.0,279,20,0,False,6070631
Pokey Bar,03-9635933,"Eliezer Mazal 13, Rishon Lezion","Sunday
  10: 00-22: 00
Monday
  10: 00-22: 00
Tuesday
  10: 00-22: 00
Wednesday
  10: 00-22: 00
Thursday
  10: 00-22: 00
Friday
 closed
Saturday
 closed",Fast food restaurant,9.8,False,False,True,True,https://www.facebook.com/740979502908028,https://www.instagram.com,http://poke-bar.co.il,11,0,0.0,312,2914,0,False,7565327
New Bucket,077-9386338,"Golda Meir 1, Rishon Lezion","Sunday
  11: 00-22: 30
Monday
  11: 00-22: 30
Tuesday
  11: 00-22: 30
Wednesday
  11: 00-22: 30
Thursday
  11: 00-22: 30
Friday
 closed
Saturday
 closed",Sandwich Bar chain,9.2,False,False,True,False,https://www.facebook.com/1523329484554652,https://www.instagram.com,http://new-deli.co.il,0,0,0.0,240,267,0,False,7572001
Giraffe Noodle Bar,03-9592400,"Cinema City Rishon LeZion, Rishon Lezion","Sunday
  12: 00-23: 00
Monday
  12: 00-23: 00
Tuesday
  12: 00-23: 00
Wednesday
  12: 00-23: 00
Thursday
  12: 00-23: 00
Friday
  12: 00-23: 00
Saturday
  12: 00-23: 00",A chain of Asian restaurants,6.6,False,True,True,False,https://www.facebook.com/174669469923070,https://www.instagram.com,http://giraffe.co.il,46,10,1.0,1171,1,15,False,7532504
The heart of the baguette,03-9691376,"Rothschild 28, Rishon Lezion","Sunday
  09: 30-21: 00
Monday
  09: 30-21: 00
Tuesday
  09: 30-21: 00
Wednesday
  09: 00-23: 00
Thursday
  09: 30-21: 00
Friday
  09: 30-14: 00
Saturday
 closed",Fast food restaurant,8.6,False,False,True,False,https://www.facebook.com/782034958563973,https://www.instagram.com,http://levhabaget.co.il,9,0,0.0,172,73,0,True,7526715
Noa's sushi,052-3234005,"Hanhalieli 13, Rishon Lezion","Sunday
 closed
Monday
  16: 00-21: 00
Tuesday
  16: 00-21: 00
Wednesday
  16: 00-21: 00
Thursday
  16: 00-21: 00
Friday
 closed
Saturday
 closed",Sushi,8.1,False,False,False,True,https://www.facebook.com/noasushiivent1,https://www.instagram.com,http://noashariv.co.il,0,0,0.0,246,101,0,False,7555026
The Canaanite,08-9400352,"Citrus 13, Ness Ziona","Sunday
  11: 00-15: 00
Monday
  11: 00-15: 00
Tuesday
  11: 00-15: 00
Wednesday
  11: 00-15: 00
Thursday
  11: 00-15: 00
Friday
  10: 00-15: 00
Saturday
 closed",Hummus,9.7,True,False,True,True,https://www.facebook.com/104401181099220,https://www.instagram.com/Ha.cnaani/,http://hummus.hacnaani.com,7,2,0.0,530,551,5,False,7403602
Ruth,08-9281141,"Ilan Ramon 4, Ness Ziona","Sunday
  17: 00-23: 00
Monday
  17: 00-23: 00
Tuesday
  17: 00-23: 00
Wednesday
  17: 00-23: 00
Thursday
  17: 00-23: 00
Friday
 closed
Saturday
 closed",A place to eat,8.3,True,False,True,False,https://www.facebook.com/119491718427531,https://www.instagram.com,http://ruth.rest.co.il,20,3,0.0,840,1649,0,True,6070631
Pita Besta,03-7502277,"Rothschild 71, Rishon Lezion","Sunday
  10: 45-until last customer
Monday
  10: 45-until last customer
Tuesday
  10: 45-until last customer
Wednesday
  10: 45-until last customer
Thursday
  10: 45-until last customer
Friday
  11: 00-15: 15
Saturday
  18:30-until last customer",Fast food chain,7.2,False,False,True,True,https://www.facebook.com/pitabasta,https://www.instagram.com/pitabasta_rlz/,http://pitabasta.com,6,1,0.0,373,445,0,False,7520270
Pizza first,03-9522890,"Sderot Zalman Shneur 16, Rishon Lezion","Sunday
  10: 00-24: 00
Monday
  10: 00-24: 00
Tuesday
  10: 00-24: 00
Wednesday
  10: 00-24: 00
Thursday
  10: 00-24: 00
Friday
 closed
Saturday
  20: 15-24: 00",Pizzeria,9.7,False,False,True,False,https://www.facebook.com/1604834926432028,https://www.instagram.com,http://pizzarishonim.co.il,13,0,0.0,576,166,6,False,7560807
Hummus Eliyahu,03-9615677,"Azrieli Mall Rishonim, Rishon Lezion","Sunday
  10: 30-21: 00
Monday
  10: 30-21: 00
Tuesday
  10: 30-21: 00
Wednesday
  10: 30-21: 00
Thursday
  10: 30-21: 00
Friday
  09: 30-14: 00
Saturday
 closed",A network of chickpeas,7.6,False,False,True,False,https://www.facebook.com/326910581073910,https://www.instagram.com,http://humus-eli-yahoo.com,15,3,0.0,287,476,6,False,6070631
Pizza Pepe,03-7443939,"Arieh Ben Eliezer 31, Rishon Lezion","Sunday
  11: 30-22: 30
Monday
  11: 30-22: 30
Tuesday
  11: 30-22: 30
Wednesday
  11: 30-22: 30
Thursday
  11: 30-22: 30
Friday
 closed
Saturday
 closed",Pizzeria,9.7,False,False,True,True,https://www.facebook.com/1093375407424863,https://www.instagram.com,http://pizza-papa.zapages.co.il,0,0,0.0,38,14,0,False,7522936
The falafel of Ramla,052-5407730,"Rothschild 47, Rishon Lezion","Sunday
  09: 30-20: 00
Monday
  09: 30-20: 00
Tuesday
  09: 30-20: 00
Wednesday
  09: 30-20: 00
Thursday
  09: 30-20: 00
Friday
  09: 30-14: 15
Saturday
 closed",Fast food restaurant,6.8,False,False,True,True,https://www.facebook.com/falafel.r.rishon,https://www.instagram.com/Falafel_ramla.rishon/,http://falafel_ramla.rishon,10,0,0.0,206,108,5,True,7526644
